class,uid,assigned_type,assigned_key,call_offset,UID,ScriptName,BaseColour,Name,Driver,DefaultLocked,Custom,Package,Cost,World,Rookie,Season,InSeasonPass,SteamID
LIVERIE_c,7084,,7084,0x12ECB,7084,ARICALMIROLA,"BaseColour_c(248, 155, 71)",S_SCHEME_ALLSTAR,"DRIVER_c(1084, S_DRIVER_A_ALMIROLA, None, False, S_HT_TAMPA, 130024206, True, aric_almirola, 129106177, True, False)",False,False,DLCPACKAGE_c(7581),0,None,False,"RACESERIES_c(9670, S_SERIES_SPRINT_CUP, 9671, IMGSPRINTCUP2012.ARC, [], [], 2012, True, None)",False,0
LIVERIE_c,7086,,7086,0x12F10,7086,BOBBYLABONTE,"BaseColour_c(217, 0, 0)",S_SCHEME_VEGAS,"DRIVER_c(1116, S_DRIVER_B_LABONTE, None, False, S_HT_C_CHRISTI, 128713992, True, Bobby_Labonte, 129106177, False, False)",False,False,DLCPACKAGE_c(7581),0,"WORLDSCRIPT_c(2776, 2777, S_WORLD_LAS_VEGAS, 20.0, 1.5, None, S_WORLD_LOC_LAS_VEGAS, None, None, False, 18, 37, 142000, 130812675, [], 29.924, None, S_DRIVER_J_JOHNSON, S_TH_GORDON_MARTIN, S_DRIVER_K_KAHNE, S_DRIVER_M_MARTIN, False, S_TB_VEGAS, 12.0, 30.0, True, 32.906, 31.475, 30.045, 190.456, 146.554, 69, False, None, S_DRIVER_M_MARTIN, [], 30.945, 31.876, 32.987, 10.0, 35.0, 35.397, 34.123, 32.676, 31.676, 0.97, Las Vegas)",False,"RACESERIES_c(9670, S_SERIES_SPRINT_CUP, 9671, IMGSPRINTCUP2012.ARC, [], [], 2012, True, None)",False,0
LIVERIE_c,7087,,7087,0x12F55,7087,BRADKESELOWSKI,"BaseColour_c(0, 0, 0)",S_SCHEME_BLUEDEUCE,"DRIVER_c(1115, S_DRIVER_B_KESELOWSKI, None, False, S_HT_ROCHESTERHILLS, 130023948, True, keselowski, 131793153, True, False)",False,False,DLCPACKAGE_c(7581),0,None,False,"RACESERIES_c(9670, S_SERIES_SPRINT_CUP, 9671, IMGSPRINTCUP2012.ARC, [], [], 2012, True, None)",False,0
LIVERIE_c,7089,,7089,0x12F9A,7089,CARLEDWARDS,"BaseColour_c(0, 0, 0)",S_SCHEME_DAYTONA,"DRIVER_c(1101, S_DRIVER_C_EDWARDS, None, False, S_HT_COLUMBIA, 129697807, True, , 131793153, True, False)",False,False,DLCPACKAGE_c(7581),0,"WORLDSCRIPT_c(1180, 1181, S_WORLD_DAYTONA_BEACH, 31.0, 2.5, None, S_WORLD_LOC_DAYTONA_BEACH, None, None, False, 10, 31, 168000, 128385558, [], 47.816879, None, S_HDRIVER_R_PETTY, S_HDRIVER_R_PETTY, S_DRIVER_B_ELLIOT, S_HDRIVER_B_BAKER, False, S_TB_DAYTONA, 15.0, 22.0, False, 54.135, 51.781, 49.428, 210.364, 177.602, 63, False, None, S_HDRIVER_R_PETTY, [], 49.149963, 52.916748, 54.916748, 12.0, 27.0, 56.883789, 55.383667, 52.383545, 48.800073, 0.97, Daytona)",False,"RACESERIES_c(9670, S_SERIES_SPRINT_CUP, 9671, IMGSPRINTCUP2012.ARC, [], [], 2012, True, None)",False,0
LIVERIE_c,7091,,7091,0x12FDF,7091,DANICAPATRICK,"BaseColour_c(13, 255, 73)",S_SCHEME_DARLINGTON,"DRIVER_c(5758, S_DRIVER_D_PATRICK, None, False, S_HT_BELOIT, 129893145, False, DanicaPatrick, 129106177, False, False)",False,False,DLCPACKAGE_c(7581),0,"WORLDSCRIPT_c(1631, 1632, S_WORLD_DARLINGTON, 25.0, 1.366, None, S_WORLD_LOC_DARLINGTON, None, None, False, 9, 30, 68000, 127796243, [], 27.831, None, S_HDRIVER_D_PEARSON, S_HDRIVER_R_PETTY, S_DRIVER_K_BUSCH_01, S_DRIVER_M_KENSETH, False, S_TB_DARLINGTON, 20.0, 23.0, False, 31.354, 29.99, 28.627, 181.918, 141.383, 62, False, None, S_DRIVER_B_ELLIOT, [], 29.285, 30.821, 32.224, 19.0, 28.0, 34.178, 32.984, 31.875, 30.175, 0.99, Darlington)",False,"RACESERIES_c(9670, S_SERIES_SPRINT_CUP, 9671, IMGSPRINTCUP2012.ARC, [], [], 2012, True, None)",False,0
LIVERIE_c,7092,,7092,0x13024,7092,DAVIDGILLILAND,"BaseColour_c(248, 248, 248)",S_SCHEME_CHARLOTTE,"DRIVER_c(1104, S_DRIVER_D_GILLILAND, None, False, S_HT_RIVERSIDE, 129500161, True, DavidGilliland, 129106177, False, False)",False,False,DLCPACKAGE_c(7581),0,"WORLDSCRIPT_c(1528, 1529, S_WORLD_CHARLOTTE, 24.0, 1.5, None, S_WORLD_LOC_CHARLOTTE, None, None, False, 6, 38, 134000, 128452115, [], 28.845, None, S_DRIVER_J_JOHNSON, S_TH_ALLISON_PETTY, S_DRIVER_G_BIFFLE, S_DRIVER_J_GORDON, False, S_TB_LOWES, 20.0, 25.0, True, 33.112, 31.672, 30.233, 193.708, 160.682, 70, False, None, S_HDRIVER_R_PETTY, [], 29.888, 30.943, 32.653, 19.0, 30.0, 34.476, 32.854, 31.653, 30.354, 0.98, Lowes)",False,"RACESERIES_c(9670, S_SERIES_SPRINT_CUP, 9671, IMGSPRINTCUP2012.ARC, [], [], 2012, True, None)",False,0
LIVERIE_c,7096,,7096,0x13069,7096,DENNYHAMLIN,"BaseColour_c(0, 0, 0)",S_SCHEME_DAYTONA,"DRIVER_c(1107, S_DRIVER_D_HAMLIN, None, False, S_HT_CHESTERFIELD, 129764114, True, dennyhamlin, 131793153, False, True)",False,False,DLCPACKAGE_c(7581),0,"WORLDSCRIPT_c(1180, 1181, S_WORLD_DAYTONA_BEACH, 31.0, 2.5, None, S_WORLD_LOC_DAYTONA_BEACH, None, None, False, 10, 31, 168000, 128385558, [], 47.816879, None, S_HDRIVER_R_PETTY, S_HDRIVER_R_PETTY, S_DRIVER_B_ELLIOT, S_HDRIVER_B_BAKER, False, S_TB_DAYTONA, 15.0, 22.0, False, 54.135, 51.781, 49.428, 210.364, 177.602, 63, False, None, S_HDRIVER_R_PETTY, [], 49.149963, 52.916748, 54.916748, 12.0, 27.0, 56.883789, 55.383667, 52.383545, 48.800073, 0.97, Daytona)",False,"RACESERIES_c(9670, S_SERIES_SPRINT_CUP, 9671, IMGSPRINTCUP2012.ARC, [], [], 2012, True, None)",False,0
LIVERIE_c,7097,,7097,0x130AE,7097,DENNYHAMLINFOURTH,"BaseColour_c(0, 0, 0)",S_SCHEME_PHOENIX,"DRIVER_c(1107, S_DRIVER_D_HAMLIN, None, False, S_HT_CHESTERFIELD, 129764114, True, dennyhamlin, 131793153, False, True)",False,False,DLCPACKAGE_c(7581),0,"WORLDSCRIPT_c(1657, 1658, S_WORLD_PHOENIX, 11.0, 1.0, None, S_WORLD_LOC_PHOENIX, None, None, False, 22, 42, 67000, 130288390, [], 27.734, None, S_DRIVER_J_JOHNSON, S_DRIVER_J_JOHNSON, S_DRIVER_K_BUSCH_02, S_DRIVER_T_STEWART, False, S_TB_PHOENIX, 19.0, 35.0, False, 30.354, 29.035, 27.715, 138.766, 118.132, 74, False, None, S_DRIVER_M_MARTIN, [], 28.978, 30.334, 31.575, 23.0, 27.0, 33.589, 32.275, 30.956, 29.675, 0.97, Phoenix)",False,"RACESERIES_c(9670, S_SERIES_SPRINT_CUP, 9671, IMGSPRINTCUP2012.ARC, [], [], 2012, True, None)",False,0
LIVERIE_c,7098,,7098,0x130F3,7098,DENNYHAMLINSECOND,"BaseColour_c(0, 0, 0)",S_SCHEME_BRISTOL,"DRIVER_c(1107, S_DRIVER_D_HAMLIN, None, False, S_HT_CHESTERFIELD, 129764114, True, dennyhamlin, 131793153, False, True)",False,False,DLCPACKAGE_c(7581),0,"WORLDSCRIPT_c(1858, 1859, S_WORLD_BRISTOL, 30.0, 0.533, None, S_WORLD_LOC_BRISTOL, None, None, False, 4, 27, 160000, 128517918, [], 15.678, None, S_HDRIVER_D_WALTRIP, S_HDRIVER_PETTYWALTRIP, S_DRIVER_K_BUSCH_02, S_HDRIVER_C_GLOTZBACH, False, S_TB_BRISTOL, 22.0, 26.0, True, 17.871, 17.094, 16.317, 129.535, 101.074, 59, False, None, S_HDRIVER_R_PETTY, [], 16.542, 17.286, 18.134, 19.0, 22.0, 19.345, 18.523, 17.624, 16.765, 0.98, Bristol Night)",False,"RACESERIES_c(9670, S_SERIES_SPRINT_CUP, 9671, IMGSPRINTCUP2012.ARC, [], [], 2012, True, None)",False,0
LIVERIE_c,7099,,7099,0x13138,7099,DENNYHAMLINTHIRD,"BaseColour_c(0, 0, 0)",S_SCHEME_VEGAS,"DRIVER_c(1107, S_DRIVER_D_HAMLIN, None, False, S_HT_CHESTERFIELD, 129764114, True, dennyhamlin, 131793153, False, True)",False,False,DLCPACKAGE_c(7581),0,"WORLDSCRIPT_c(2776, 2777, S_WORLD_LAS_VEGAS, 20.0, 1.5, None, S_WORLD_LOC_LAS_VEGAS, None, None, False, 18, 37, 142000, 130812675, [], 29.924, None, S_DRIVER_J_JOHNSON, S_TH_GORDON_MARTIN, S_DRIVER_K_KAHNE, S_DRIVER_M_MARTIN, False, S_TB_VEGAS, 12.0, 30.0, True, 32.906, 31.475, 30.045, 190.456, 146.554, 69, False, None, S_DRIVER_M_MARTIN, [], 30.945, 31.876, 32.987, 10.0, 35.0, 35.397, 34.123, 32.676, 31.676, 0.97, Las Vegas)",False,"RACESERIES_c(9670, S_SERIES_SPRINT_CUP, 9671, IMGSPRINTCUP2012.ARC, [], [], 2012, True, None)",False,0
LIVERIE_c,7101,,7101,0x1317D,7101,GREGBIFFLE,"BaseColour_c(255, 255, 255)",S_SCHEME_DAYTONA,"DRIVER_c(1090, S_DRIVER_G_BIFFLE, None, False, S_HT_VANCOUVER, 129043479, True, gbiffle, 131727617, True, False)",False,False,DLCPACKAGE_c(7581),0,"WORLDSCRIPT_c(1180, 1181, S_WORLD_DAYTONA_BEACH, 31.0, 2.5, None, S_WORLD_LOC_DAYTONA_BEACH, None, None, False, 10, 31, 168000, 128385558, [], 47.816879, None, S_HDRIVER_R_PETTY, S_HDRIVER_R_PETTY, S_DRIVER_B_ELLIOT, S_HDRIVER_B_BAKER, False, S_TB_DAYTONA, 15.0, 22.0, False, 54.135, 51.781, 49.428, 210.364, 177.602, 63, False, None, S_HDRIVER_R_PETTY, [], 49.149963, 52.916748, 54.916748, 12.0, 27.0, 56.883789, 55.383667, 52.383545, 48.800073, 0.97, Daytona)",False,"RACESERIES_c(9670, S_SERIES_SPRINT_CUP, 9671, IMGSPRINTCUP2012.ARC, [], [], 2012, True, None)",False,0
LIVERIE_c,7102,,7102,0x131C2,7102,JAMIEMCMURRAY,"BaseColour_c(255, 25, 0)",S_SCHEME_DAYTONA,"DRIVER_c(1121, S_DRIVER_J_MCMURRAY, None, False, S_HT_JOPLIN, 129500675, True, JamieMcMurray, 131727617, True, False)",False,False,DLCPACKAGE_c(7581),0,"WORLDSCRIPT_c(1180, 1181, S_WORLD_DAYTONA_BEACH, 31.0, 2.5, None, S_WORLD_LOC_DAYTONA_BEACH, None, None, False, 10, 31, 168000, 128385558, [], 47.816879, None, S_HDRIVER_R_PETTY, S_HDRIVER_R_PETTY, S_DRIVER_B_ELLIOT, S_HDRIVER_B_BAKER, False, S_TB_DAYTONA, 15.0, 22.0, False, 54.135, 51.781, 49.428, 210.364, 177.602, 63, False, None, S_HDRIVER_R_PETTY, [], 49.149963, 52.916748, 54.916748, 12.0, 27.0, 56.883789, 55.383667, 52.383545, 48.800073, 0.97, Daytona)",False,"RACESERIES_c(9670, S_SERIES_SPRINT_CUP, 9671, IMGSPRINTCUP2012.ARC, [], [], 2012, True, None)",False,0
LIVERIE_c,7103,,7103,0x13207,7103,JAMIEMCMURRAYSECOND,"BaseColour_c(255, 25, 0)",S_SCHEME_VEGAS,"DRIVER_c(1121, S_DRIVER_J_MCMURRAY, None, False, S_HT_JOPLIN, 129500675, True, JamieMcMurray, 131727617, True, False)",False,False,DLCPACKAGE_c(7581),0,"WORLDSCRIPT_c(2776, 2777, S_WORLD_LAS_VEGAS, 20.0, 1.5, None, S_WORLD_LOC_LAS_VEGAS, None, None, False, 18, 37, 142000, 130812675, [], 29.924, None, S_DRIVER_J_JOHNSON, S_TH_GORDON_MARTIN, S_DRIVER_K_KAHNE, S_DRIVER_M_MARTIN, False, S_TB_VEGAS, 12.0, 30.0, True, 32.906, 31.475, 30.045, 190.456, 146.554, 69, False, None, S_DRIVER_M_MARTIN, [], 30.945, 31.876, 32.987, 10.0, 35.0, 35.397, 34.123, 32.676, 31.676, 0.97, Las Vegas)",False,"RACESERIES_c(9670, S_SERIES_SPRINT_CUP, 9671, IMGSPRINTCUP2012.ARC, [], [], 2012, True, None)",False,0
LIVERIE_c,7104,,7104,0x1324C,7104,JEFFBURTON,"BaseColour_c(0, 0, 0)",S_SCHEME_DAYTONA,"DRIVER_c(1094, S_DRIVER_J_BURTON, None, False, S_HT_SOUTH_BOSTON, 128910877, True, RCR31JeffBurton, 129106177, True, False)",False,False,DLCPACKAGE_c(7581),0,"WORLDSCRIPT_c(1180, 1181, S_WORLD_DAYTONA_BEACH, 31.0, 2.5, None, S_WORLD_LOC_DAYTONA_BEACH, None, None, False, 10, 31, 168000, 128385558, [], 47.816879, None, S_HDRIVER_R_PETTY, S_HDRIVER_R_PETTY, S_DRIVER_B_ELLIOT, S_HDRIVER_B_BAKER, False, S_TB_DAYTONA, 15.0, 22.0, False, 54.135, 51.781, 49.428, 210.364, 177.602, 63, False, None, S_HDRIVER_R_PETTY, [], 49.149963, 52.916748, 54.916748, 12.0, 27.0, 56.883789, 55.383667, 52.383545, 48.800073, 0.97, Daytona)",False,"RACESERIES_c(9670, S_SERIES_SPRINT_CUP, 9671, IMGSPRINTCUP2012.ARC, [], [], 2012, True, None)",False,0
LIVERIE_c,7105,,7105,0x13291,7105,JEFFGORDON,"BaseColour_c(235, 36, 41)",S_SCHEME_DAYTONA,"DRIVER_c(1105, S_DRIVER_J_GORDON, None, False, S_HT_VALLEJO, 129173508, True, JeffGordonWeb, 131793153, True, True)",False,False,DLCPACKAGE_c(7581),0,"WORLDSCRIPT_c(1180, 1181, S_WORLD_DAYTONA_BEACH, 31.0, 2.5, None, S_WORLD_LOC_DAYTONA_BEACH, None, None, False, 10, 31, 168000, 128385558, [], 47.816879, None, S_HDRIVER_R_PETTY, S_HDRIVER_R_PETTY, S_DRIVER_B_ELLIOT, S_HDRIVER_B_BAKER, False, S_TB_DAYTONA, 15.0, 22.0, False, 54.135, 51.781, 49.428, 210.364, 177.602, 63, False, None, S_HDRIVER_R_PETTY, [], 49.149963, 52.916748, 54.916748, 12.0, 27.0, 56.883789, 55.383667, 52.383545, 48.800073, 0.97, Daytona)",False,"RACESERIES_c(9670, S_SERIES_SPRINT_CUP, 9671, IMGSPRINTCUP2012.ARC, [], [], 2012, True, None)",False,0
LIVERIE_c,7106,,7106,0x132D6,7106,JEFFGORDONTHIRD,"BaseColour_c(235, 36, 41)",S_SCHEME_DAYTONA400,"DRIVER_c(1105, S_DRIVER_J_GORDON, None, False, S_HT_VALLEJO, 129173508, True, JeffGordonWeb, 131793153, True, True)",False,False,DLCPACKAGE_c(7581),0,None,False,"RACESERIES_c(9670, S_SERIES_SPRINT_CUP, 9671, IMGSPRINTCUP2012.ARC, [], [], 2012, True, None)",False,0
LIVERIE_c,7107,,7107,0x1331B,7107,JEFFGORDONSECOND,"BaseColour_c(235, 36, 41)",S_SCHEME_VEGAS,"DRIVER_c(1105, S_DRIVER_J_GORDON, None, False, S_HT_VALLEJO, 129173508, True, JeffGordonWeb, 131793153, True, True)",False,False,DLCPACKAGE_c(7581),0,"WORLDSCRIPT_c(2776, 2777, S_WORLD_LAS_VEGAS, 20.0, 1.5, None, S_WORLD_LOC_LAS_VEGAS, None, None, False, 18, 37, 142000, 130812675, [], 29.924, None, S_DRIVER_J_JOHNSON, S_TH_GORDON_MARTIN, S_DRIVER_K_KAHNE, S_DRIVER_M_MARTIN, False, S_TB_VEGAS, 12.0, 30.0, True, 32.906, 31.475, 30.045, 190.456, 146.554, 69, False, None, S_DRIVER_M_MARTIN, [], 30.945, 31.876, 32.987, 10.0, 35.0, 35.397, 34.123, 32.676, 31.676, 0.97, Las Vegas)",False,"RACESERIES_c(9670, S_SERIES_SPRINT_CUP, 9671, IMGSPRINTCUP2012.ARC, [], [], 2012, True, None)",False,0
LIVERIE_c,7109,,7109,0x13360,7109,JOEYLOGANO,"BaseColour_c(255, 109, 0)",S_SCHEME_DAYTONA,"DRIVER_c(1117, S_DRIVER_J_LOGANO, None, False, S_HT_MIDDLETOWN, 130417944, True, joeylogano, 129106177, True, False)",False,False,DLCPACKAGE_c(7581),0,"WORLDSCRIPT_c(1180, 1181, S_WORLD_DAYTONA_BEACH, 31.0, 2.5, None, S_WORLD_LOC_DAYTONA_BEACH, None, None, False, 10, 31, 168000, 128385558, [], 47.816879, None, S_HDRIVER_R_PETTY, S_HDRIVER_R_PETTY, S_DRIVER_B_ELLIOT, S_HDRIVER_B_BAKER, False, S_TB_DAYTONA, 15.0, 22.0, False, 54.135, 51.781, 49.428, 210.364, 177.602, 63, False, None, S_HDRIVER_R_PETTY, [], 49.149963, 52.916748, 54.916748, 12.0, 27.0, 56.883789, 55.383667, 52.383545, 48.800073, 0.97, Daytona)",False,"RACESERIES_c(9670, S_SERIES_SPRINT_CUP, 9671, IMGSPRINTCUP2012.ARC, [], [], 2012, True, None)",False,0
LIVERIE_c,7110,,7110,0x133A5,7110,JUANPABLOMONTOYA,"BaseColour_c(255, 13, 0)",S_SCHEME_DAYTONA,"DRIVER_c(1125, S_DRIVER_J_MONTOYA, None, False, S_HT_BOGOTA, 129435924, True, JPMontoya, 131727617, True, False)",False,False,DLCPACKAGE_c(7581),0,"WORLDSCRIPT_c(1180, 1181, S_WORLD_DAYTONA_BEACH, 31.0, 2.5, None, S_WORLD_LOC_DAYTONA_BEACH, None, None, False, 10, 31, 168000, 128385558, [], 47.816879, None, S_HDRIVER_R_PETTY, S_HDRIVER_R_PETTY, S_DRIVER_B_ELLIOT, S_HDRIVER_B_BAKER, False, S_TB_DAYTONA, 15.0, 22.0, False, 54.135, 51.781, 49.428, 210.364, 177.602, 63, False, None, S_HDRIVER_R_PETTY, [], 49.149963, 52.916748, 54.916748, 12.0, 27.0, 56.883789, 55.383667, 52.383545, 48.800073, 0.97, Daytona)",False,"RACESERIES_c(9670, S_SERIES_SPRINT_CUP, 9671, IMGSPRINTCUP2012.ARC, [], [], 2012, True, None)",False,0
LIVERIE_c,7111,,7111,0x133EA,7111,KASEYKAHNE,"BaseColour_c(255, 0, 0)",S_SCHEME_DAYTONA,"DRIVER_c(1113, S_DRIVER_K_KAHNE, None, False, S_HT_ENUMCLAW, 129762314, True, kaseykahne, 131793153, True, False)",False,False,DLCPACKAGE_c(7581),0,"WORLDSCRIPT_c(1180, 1181, S_WORLD_DAYTONA_BEACH, 31.0, 2.5, None, S_WORLD_LOC_DAYTONA_BEACH, None, None, False, 10, 31, 168000, 128385558, [], 47.816879, None, S_HDRIVER_R_PETTY, S_HDRIVER_R_PETTY, S_DRIVER_B_ELLIOT, S_HDRIVER_B_BAKER, False, S_TB_DAYTONA, 15.0, 22.0, False, 54.135, 51.781, 49.428, 210.364, 177.602, 63, False, None, S_HDRIVER_R_PETTY, [], 49.149963, 52.916748, 54.916748, 12.0, 27.0, 56.883789, 55.383667, 52.383545, 48.800073, 0.97, Daytona)",False,"RACESERIES_c(9670, S_SERIES_SPRINT_CUP, 9671, IMGSPRINTCUP2012.ARC, [], [], 2012, True, None)",False,0
LIVERIE_c,7113,,7113,0x1342F,7113,KEVINHARVIC,"BaseColour_c(255, 221, 0)",S_SCHEME_PHOENIX,"DRIVER_c(1108, S_DRIVER_K_HARVICK, None, False, S_HT_BAKERSFIELD, 129436680, True, RCR29KHarvick, 131793153, False, True)",False,False,DLCPACKAGE_c(7581),0,"WORLDSCRIPT_c(1657, 1658, S_WORLD_PHOENIX, 11.0, 1.0, None, S_WORLD_LOC_PHOENIX, None, None, False, 22, 42, 67000, 130288390, [], 27.734, None, S_DRIVER_J_JOHNSON, S_DRIVER_J_JOHNSON, S_DRIVER_K_BUSCH_02, S_DRIVER_T_STEWART, False, S_TB_PHOENIX, 19.0, 35.0, False, 30.354, 29.035, 27.715, 138.766, 118.132, 74, False, None, S_DRIVER_M_MARTIN, [], 28.978, 30.334, 31.575, 23.0, 27.0, 33.589, 32.275, 30.956, 29.675, 0.97, Phoenix)",False,"RACESERIES_c(9670, S_SERIES_SPRINT_CUP, 9671, IMGSPRINTCUP2012.ARC, [], [], 2012, True, None)",False,0
LIVERIE_c,7114,,7114,0x13474,7114,KURTBUSCH,"BaseColour_c(0, 55, 255)",S_SCHEME_DAYTONA,"DRIVER_c(1095, S_DRIVER_K_BUSCH_01, None, False, S_HT_LAS_VEGAS, 129632260, True, kurtbusch, 131793153, True, True)",False,False,DLCPACKAGE_c(7581),0,"WORLDSCRIPT_c(1180, 1181, S_WORLD_DAYTONA_BEACH, 31.0, 2.5, None, S_WORLD_LOC_DAYTONA_BEACH, None, None, False, 10, 31, 168000, 128385558, [], 47.816879, None, S_HDRIVER_R_PETTY, S_HDRIVER_R_PETTY, S_DRIVER_B_ELLIOT, S_HDRIVER_B_BAKER, False, S_TB_DAYTONA, 15.0, 22.0, False, 54.135, 51.781, 49.428, 210.364, 177.602, 63, False, None, S_HDRIVER_R_PETTY, [], 49.149963, 52.916748, 54.916748, 12.0, 27.0, 56.883789, 55.383667, 52.383545, 48.800073, 0.97, Daytona)",False,"RACESERIES_c(9670, S_SERIES_SPRINT_CUP, 9671, IMGSPRINTCUP2012.ARC, [], [], 2012, True, None)",False,0
LIVERIE_c,7115,,7115,0x134B9,7115,KYLEBUSCH,"BaseColour_c(255, 200, 0)",S_SCHEME_SHOOTOUT,"DRIVER_c(1096, S_DRIVER_K_BUSCH_02, None, False, S_HT_LAS_VEGAS, 130090242, True, kylebusch, 131793153, True, True)",False,False,DLCPACKAGE_c(7581),0,None,False,"RACESERIES_c(9670, S_SERIES_SPRINT_CUP, 9671, IMGSPRINTCUP2012.ARC, [], [], 2012, True, None)",False,0
LIVERIE_c,7116,,7116,0x134FE,7116,MARCOSAMBROSE,"BaseColour_c(0, 105, 155)",S_SCHEME_DAYTONA,"DRIVER_c(1085, S_DRIVER_M_AMBROSE, None, False, S_HT_LAUNCESTON, 129501441, True, MarcosAmbrose, 129106177, True, False)",False,False,DLCPACKAGE_c(7581),0,"WORLDSCRIPT_c(1180, 1181, S_WORLD_DAYTONA_BEACH, 31.0, 2.5, None, S_WORLD_LOC_DAYTONA_BEACH, None, None, False, 10, 31, 168000, 128385558, [], 47.816879, None, S_HDRIVER_R_PETTY, S_HDRIVER_R_PETTY, S_DRIVER_B_ELLIOT, S_HDRIVER_B_BAKER, False, S_TB_DAYTONA, 15.0, 22.0, False, 54.135, 51.781, 49.428, 210.364, 177.602, 63, False, None, S_HDRIVER_R_PETTY, [], 49.149963, 52.916748, 54.916748, 12.0, 27.0, 56.883789, 55.383667, 52.383545, 48.800073, 0.97, Daytona)",False,"RACESERIES_c(9670, S_SERIES_SPRINT_CUP, 9671, IMGSPRINTCUP2012.ARC, [], [], 2012, True, None)",False,0
LIVERIE_c,7117,,7117,0x13543,7117,MARCOSAMBROSESECOND,"BaseColour_c(0, 105, 155)",S_SCHEME_AUTOCLUB,"DRIVER_c(1085, S_DRIVER_M_AMBROSE, None, False, S_HT_LAUNCESTON, 129501441, True, MarcosAmbrose, 129106177, True, False)",False,False,DLCPACKAGE_c(7581),0,"WORLDSCRIPT_c(1186, 1187, S_WORLD_FONTANA, 14.0, 2.0, None, S_WORLD_LOC_FONTANA, None, None, False, 5, 35, 92000, 130876949, [], 39.157, None, S_DRIVER_J_JOHNSON, S_DRIVER_J_JOHNSON, S_DRIVER_K_BUSCH_02, S_DRIVER_T_STEWART, False, S_TB_AUTOCLUB, 15.0, 26.0, False, 45.063, 43.104, 41.144, 188.245, 160.166, 60, False, None, S_DRIVER_J_JOHNSON, [], 40.735, 42.855, 43.837, 19.0, 33.0, 46.816, 45.521, 44.523, 42.655, 0.97, Auto Club)",False,"RACESERIES_c(9670, S_SERIES_SPRINT_CUP, 9671, IMGSPRINTCUP2012.ARC, [], [], 2012, True, None)",False,0
LIVERIE_c,7118,,7118,0x13588,7118,MARKMARTIN,"BaseColour_c(6, 226, 0)",S_SCHEME_DAYTONA,"DRIVER_c(1119, S_DRIVER_M_MARTIN, None, False, S_HT_BATESVILLE, 128385289, True, 55MarkMartin, 131662081, True, True)",False,False,DLCPACKAGE_c(7581),0,"WORLDSCRIPT_c(1631, 1632, S_WORLD_DARLINGTON, 25.0, 1.366, None, S_WORLD_LOC_DARLINGTON, None, None, False, 9, 30, 68000, 127796243, [], 27.831, None, S_HDRIVER_D_PEARSON, S_HDRIVER_R_PETTY, S_DRIVER_K_BUSCH_01, S_DRIVER_M_KENSETH, False, S_TB_DARLINGTON, 20.0, 23.0, False, 31.354, 29.99, 28.627, 181.918, 141.383, 62, False, None, S_DRIVER_B_ELLIOT, [], 29.285, 30.821, 32.224, 19.0, 28.0, 34.178, 32.984, 31.875, 30.175, 0.99, Darlington)",False,"RACESERIES_c(9670, S_SERIES_SPRINT_CUP, 9671, IMGSPRINTCUP2012.ARC, [], [], 2012, True, None)",False,0
LIVERIE_c,7121,,7121,0x135CD,7121,MARTINTRUEXJR,"BaseColour_c(0, 0, 179)",S_SCHEME_DAYTONA,"DRIVER_c(1138, S_DRIVER_M_TRUEX_JR, None, False, S_HT_MAYETTA, 129762845, True, MartinTruexJr56, 129106177, True, False)",False,False,DLCPACKAGE_c(7581),0,"WORLDSCRIPT_c(1180, 1181, S_WORLD_DAYTONA_BEACH, 31.0, 2.5, None, S_WORLD_LOC_DAYTONA_BEACH, None, None, False, 10, 31, 168000, 128385558, [], 47.816879, None, S_HDRIVER_R_PETTY, S_HDRIVER_R_PETTY, S_DRIVER_B_ELLIOT, S_HDRIVER_B_BAKER, False, S_TB_DAYTONA, 15.0, 22.0, False, 54.135, 51.781, 49.428, 210.364, 177.602, 63, False, None, S_HDRIVER_R_PETTY, [], 49.149963, 52.916748, 54.916748, 12.0, 27.0, 56.883789, 55.383667, 52.383545, 48.800073, 0.97, Daytona)",False,"RACESERIES_c(9670, S_SERIES_SPRINT_CUP, 9671, IMGSPRINTCUP2012.ARC, [], [], 2012, True, None)",False,0
LIVERIE_c,7122,,7122,0x13612,7122,MATTKENSETH,"BaseColour_c(6, 54, 163)",S_SCHEME_DAYTONA,"DRIVER_c(1114, S_DRIVER_M_KENSETH, None, False, S_HT_CAMBRIGDGE, 129237770, True, mattkenseth, 131793153, True, False)",False,False,DLCPACKAGE_c(7581),0,"WORLDSCRIPT_c(1180, 1181, S_WORLD_DAYTONA_BEACH, 31.0, 2.5, None, S_WORLD_LOC_DAYTONA_BEACH, None, None, False, 10, 31, 168000, 128385558, [], 47.816879, None, S_HDRIVER_R_PETTY, S_HDRIVER_R_PETTY, S_DRIVER_B_ELLIOT, S_HDRIVER_B_BAKER, False, S_TB_DAYTONA, 15.0, 22.0, False, 54.135, 51.781, 49.428, 210.364, 177.602, 63, False, None, S_HDRIVER_R_PETTY, [], 49.149963, 52.916748, 54.916748, 12.0, 27.0, 56.883789, 55.383667, 52.383545, 48.800073, 0.97, Daytona)",False,"RACESERIES_c(9670, S_SERIES_SPRINT_CUP, 9671, IMGSPRINTCUP2012.ARC, [], [], 2012, True, None)",False,0
LIVERIE_c,7124,,7124,0x13657,7124,PAULMENARD,"BaseColour_c(185, 248, 99)",S_SCHEME_RICHMOND,"DRIVER_c(1123, S_DRIVER_P_MENARD, None, False, S_HT_EAU_CLAIRE, 129763349, True, RCR27PMenard, 131793153, False, False)",False,False,DLCPACKAGE_c(7581),0,"WORLDSCRIPT_c(1635, 1636, S_WORLD_RICHMOND, 14.0, 0.75, None, S_WORLD_LOC_RICHMOND, None, None, False, 25, 44, 97912, 127992851, [], 21.556, None, S_HDRIVER_R_PETTY, S_HDRIVER_R_PETTY, S_DRIVER_M_KENSETH, S_HDRIVER_D_JARRET, False, S_TB_RICHMOND, 18.0, 23.0, False, 24.434, 23.372, 22.309, 130.334, 109.047, 76, False, None, S_HDRIVER_R_PETTY, [], 22.645, 23.232, 24.487, 16.0, 30.0, 25.984, 24.889, 23.976, 22.952, 0.98, Richmond)",False,"RACESERIES_c(9670, S_SERIES_SPRINT_CUP, 9671, IMGSPRINTCUP2012.ARC, [], [], 2012, True, None)",False,0
LIVERIE_c,7125,,7125,0x1369C,7125,ROBBIEGORDON,"BaseColour_c(255, 103, 0)",S_SCHEME_AUTOCLUB,"DRIVER_c(1106, S_DRIVER_R_GORDON, None, False, S_HT_CORNELIUS, 129040642, True, RobbyGordon, 129106177, False, False)",False,False,DLCPACKAGE_c(7581),0,"WORLDSCRIPT_c(1186, 1187, S_WORLD_FONTANA, 14.0, 2.0, None, S_WORLD_LOC_FONTANA, None, None, False, 5, 35, 92000, 130876949, [], 39.157, None, S_DRIVER_J_JOHNSON, S_DRIVER_J_JOHNSON, S_DRIVER_K_BUSCH_02, S_DRIVER_T_STEWART, False, S_TB_AUTOCLUB, 15.0, 26.0, False, 45.063, 43.104, 41.144, 188.245, 160.166, 60, False, None, S_DRIVER_J_JOHNSON, [], 40.735, 42.855, 43.837, 19.0, 33.0, 46.816, 45.521, 44.523, 42.655, 0.97, Auto Club)",False,"RACESERIES_c(9670, S_SERIES_SPRINT_CUP, 9671, IMGSPRINTCUP2012.ARC, [], [], 2012, True, None)",False,0
LIVERIE_c,7126,,7126,0x136E1,7126,RYANNEWMANTHIRD,"BaseColour_c(0, 0, 0)",S_SCHEME_MARTINSVILLE,"DRIVER_c(1127, S_DRIVER_R_NEWMAN, None, False, S_HT_SOUTH_BEND, 129567752, True, RyanNewman39, 131793153, True, False)",False,False,DLCPACKAGE_c(7581),0,"WORLDSCRIPT_c(1669, 1670, S_WORLD_MARTINSVILLE, 12.0, 0.526, None, S_WORLD_LOC_MARTINSVILLE, None, None, False, 19, 39, 61000, 127665924, [], 19.875, None, S_HDRIVER_R_PETTY, S_HDRIVER_R_PETTY, S_DRIVER_J_JOHNSON, S_DRIVER_J_GORDON, False, S_TB_MARTINSVILLE, 11.0, 23.0, False, 22.616, 21.633, 20.649, 98.4, 82.223, 71, False, None, S_HDRIVER_R_PETTY, [], 20.785, 21.634, 22.634, 10.0, 29.0, 24.056, 22.856, 21.876, 20.954, 0.98, Martinsville)",False,"RACESERIES_c(9670, S_SERIES_SPRINT_CUP, 9671, IMGSPRINTCUP2012.ARC, [], [], 2012, True, None)",False,0
LIVERIE_c,7127,,7127,0x13726,7127,RYANNEWMANSECOND,"BaseColour_c(0, 0, 0)",S_SCHEME_BRISTOL,"DRIVER_c(1127, S_DRIVER_R_NEWMAN, None, False, S_HT_SOUTH_BEND, 129567752, True, RyanNewman39, 131793153, True, False)",False,False,DLCPACKAGE_c(7581),0,"WORLDSCRIPT_c(1858, 1859, S_WORLD_BRISTOL, 30.0, 0.533, None, S_WORLD_LOC_BRISTOL, None, None, False, 4, 27, 160000, 128517918, [], 15.678, None, S_HDRIVER_D_WALTRIP, S_HDRIVER_PETTYWALTRIP, S_DRIVER_K_BUSCH_02, S_HDRIVER_C_GLOTZBACH, False, S_TB_BRISTOL, 22.0, 26.0, True, 17.871, 17.094, 16.317, 129.535, 101.074, 59, False, None, S_HDRIVER_R_PETTY, [], 16.542, 17.286, 18.134, 19.0, 22.0, 19.345, 18.523, 17.624, 16.765, 0.98, Bristol Night)",False,"RACESERIES_c(9670, S_SERIES_SPRINT_CUP, 9671, IMGSPRINTCUP2012.ARC, [], [], 2012, True, None)",False,0
LIVERIE_c,7128,,7128,0x1376B,7128,RYANNEWMAN,"BaseColour_c(0, 0, 0)",S_SCHEME_TEXAS,"DRIVER_c(1127, S_DRIVER_R_NEWMAN, None, False, S_HT_SOUTH_BEND, 129567752, True, RyanNewman39, 131793153, True, False)",False,False,DLCPACKAGE_c(7581),0,"WORLDSCRIPT_c(2438, 2439, S_WORLD_TEXAS, 24.0, 1.5, None, S_WORLD_LOC_TEXAS, None, None, False, 27, 46, 138100, 130876421, [], 28.878, None, S_DRIVER_C_EDWARDS, S_DRIVER_M_KENSETH, S_DRIVER_K_BUSCH_02, S_DRIVER_G_BIFFLE, False, S_TB_TEXAS, 19.0, 27.0, False, 32.458, 31.046, 29.635, 196.299, 160.577, 78, False, None, S_TH_KENSETH_JOHNSON, [], 29.946, 31.487, 32.645, 15.0, 32.0, 34.485, 32.976, 31.846, 30.656, 0.976, Texas)",False,"RACESERIES_c(9670, S_SERIES_SPRINT_CUP, 9671, IMGSPRINTCUP2012.ARC, [], [], 2012, True, None)",False,0
LIVERIE_c,7131,,7131,0x137B0,7131,TRAVISKVAPIL,"BaseColour_c(255, 255, 6)",S_SCHEME_AUTOCLUB,"DRIVER_c(2847, S_DRIVER_T_KVAPIL, None, False, S_HT_JANESVILLE, 129499905, True, TravisKvapil, 129106177, False, False)",False,False,DLCPACKAGE_c(7581),0,"WORLDSCRIPT_c(1186, 1187, S_WORLD_FONTANA, 14.0, 2.0, None, S_WORLD_LOC_FONTANA, None, None, False, 5, 35, 92000, 130876949, [], 39.157, None, S_DRIVER_J_JOHNSON, S_DRIVER_J_JOHNSON, S_DRIVER_K_BUSCH_02, S_DRIVER_T_STEWART, False, S_TB_AUTOCLUB, 15.0, 26.0, False, 45.063, 43.104, 41.144, 188.245, 160.166, 60, False, None, S_DRIVER_J_JOHNSON, [], 40.735, 42.855, 43.837, 19.0, 33.0, 46.816, 45.521, 44.523, 42.655, 0.97, Auto Club)",False,"RACESERIES_c(9670, S_SERIES_SPRINT_CUP, 9671, IMGSPRINTCUP2012.ARC, [], [], 2012, True, None)",False,0
LIVERIE_c,7132,,7132,0x137F5,7132,TREVORBAYNE,"BaseColour_c(10, 10, 10)",S_SCHEME_DAYTONA,"DRIVER_c(5766, S_DRIVER_T_BAYNE, None, False, S_HT_KNOXVILLE, 130482707, True, tbayne21, 131793153, False, False)",False,False,DLCPACKAGE_c(7581),0,"WORLDSCRIPT_c(1180, 1181, S_WORLD_DAYTONA_BEACH, 31.0, 2.5, None, S_WORLD_LOC_DAYTONA_BEACH, None, None, False, 10, 31, 168000, 128385558, [], 47.816879, None, S_HDRIVER_R_PETTY, S_HDRIVER_R_PETTY, S_DRIVER_B_ELLIOT, S_HDRIVER_B_BAKER, False, S_TB_DAYTONA, 15.0, 22.0, False, 54.135, 51.781, 49.428, 210.364, 177.602, 63, False, None, S_HDRIVER_R_PETTY, [], 49.149963, 52.916748, 54.916748, 12.0, 27.0, 56.883789, 55.383667, 52.383545, 48.800073, 0.97, Daytona)",False,"RACESERIES_c(9670, S_SERIES_SPRINT_CUP, 9671, IMGSPRINTCUP2012.ARC, [], [], 2012, True, None)",False,0
LIVERIE_c,7133,,7133,0x1383A,7133,TONYSTEWART,"BaseColour_c(255, 13, 0)",S_SCHEME_DAYTONA,"DRIVER_c(1136, S_DRIVER_T_STEWART, None, False, S_HT_COLUMBUS, 129172756, True, tonystewart, 131793153, True, True)",False,False,DLCPACKAGE_c(7581),0,"WORLDSCRIPT_c(1180, 1181, S_WORLD_DAYTONA_BEACH, 31.0, 2.5, None, S_WORLD_LOC_DAYTONA_BEACH, None, None, False, 10, 31, 168000, 128385558, [], 47.816879, None, S_HDRIVER_R_PETTY, S_HDRIVER_R_PETTY, S_DRIVER_B_ELLIOT, S_HDRIVER_B_BAKER, False, S_TB_DAYTONA, 15.0, 22.0, False, 54.135, 51.781, 49.428, 210.364, 177.602, 63, False, None, S_HDRIVER_R_PETTY, [], 49.149963, 52.916748, 54.916748, 12.0, 27.0, 56.883789, 55.383667, 52.383545, 48.800073, 0.97, Daytona)",False,"RACESERIES_c(9670, S_SERIES_SPRINT_CUP, 9671, IMGSPRINTCUP2012.ARC, [], [], 2012, True, None)",False,0
LIVERIE_c,7134,,7134,0x1387F,7134,TONYSTEWARTSECOND,"BaseColour_c(255, 13, 0)",S_SCHEME_VEGAS,"DRIVER_c(1136, S_DRIVER_T_STEWART, None, False, S_HT_COLUMBUS, 129172756, True, tonystewart, 131793153, True, True)",False,False,DLCPACKAGE_c(7581),0,"WORLDSCRIPT_c(2776, 2777, S_WORLD_LAS_VEGAS, 20.0, 1.5, None, S_WORLD_LOC_LAS_VEGAS, None, None, False, 18, 37, 142000, 130812675, [], 29.924, None, S_DRIVER_J_JOHNSON, S_TH_GORDON_MARTIN, S_DRIVER_K_KAHNE, S_DRIVER_M_MARTIN, False, S_TB_VEGAS, 12.0, 30.0, True, 32.906, 31.475, 30.045, 190.456, 146.554, 69, False, None, S_DRIVER_M_MARTIN, [], 30.945, 31.876, 32.987, 10.0, 35.0, 35.397, 34.123, 32.676, 31.676, 0.97, Las Vegas)",False,"RACESERIES_c(9670, S_SERIES_SPRINT_CUP, 9671, IMGSPRINTCUP2012.ARC, [], [], 2012, True, None)",False,0
LIVERIE_c,7135,,7135,0x138C4,7135,CLINTBOWYER,"BaseColour_c(255, 22, 0)",S_SCHEME_DAYTONA,"DRIVER_c(1092, S_DRIVER_C_BOWYER, None, False, S_HT_EMPORIA, 129697054, True, ClintBowyer, 131727617, True, False)",False,False,DLCPACKAGE_c(7581),0,"WORLDSCRIPT_c(1180, 1181, S_WORLD_DAYTONA_BEACH, 31.0, 2.5, None, S_WORLD_LOC_DAYTONA_BEACH, None, None, False, 10, 31, 168000, 128385558, [], 47.816879, None, S_HDRIVER_R_PETTY, S_HDRIVER_R_PETTY, S_DRIVER_B_ELLIOT, S_HDRIVER_B_BAKER, False, S_TB_DAYTONA, 15.0, 22.0, False, 54.135, 51.781, 49.428, 210.364, 177.602, 63, False, None, S_HDRIVER_R_PETTY, [], 49.149963, 52.916748, 54.916748, 12.0, 27.0, 56.883789, 55.383667, 52.383545, 48.800073, 0.97, Daytona)",False,"RACESERIES_c(9670, S_SERIES_SPRINT_CUP, 9671, IMGSPRINTCUP2012.ARC, [], [], 2012, True, None)",False,0
LIVERIE_c,7136,,7136,0x13909,7136,JIMMYJOHNSON,"BaseColour_c(0, 45, 158)",S_SCHEME_DAYTONA,"DRIVER_c(1111, S_DRIVER_J_JOHNSON, None, False, S_HT_EL_CAJON, 129435921, True, JimmieJohnson, 131793153, True, True)",False,False,DLCPACKAGE_c(7581),0,"WORLDSCRIPT_c(1180, 1181, S_WORLD_DAYTONA_BEACH, 31.0, 2.5, None, S_WORLD_LOC_DAYTONA_BEACH, None, None, False, 10, 31, 168000, 128385558, [], 47.816879, None, S_HDRIVER_R_PETTY, S_HDRIVER_R_PETTY, S_DRIVER_B_ELLIOT, S_HDRIVER_B_BAKER, False, S_TB_DAYTONA, 15.0, 22.0, False, 54.135, 51.781, 49.428, 210.364, 177.602, 63, False, None, S_HDRIVER_R_PETTY, [], 49.149963, 52.916748, 54.916748, 12.0, 27.0, 56.883789, 55.383667, 52.383545, 48.800073, 0.97, Daytona)",False,"RACESERIES_c(9670, S_SERIES_SPRINT_CUP, 9671, IMGSPRINTCUP2012.ARC, [], [], 2012, True, None)",False,0
LIVERIE_c,7137,,7137,0x1394E,7137,JIMMYJOHNSONKBLT,"BaseColour_c(0, 45, 158)",S_SCHEME_VEGAS,"DRIVER_c(1111, S_DRIVER_J_JOHNSON, None, False, S_HT_EL_CAJON, 129435921, True, JimmieJohnson, 131793153, True, True)",False,False,DLCPACKAGE_c(7581),0,"WORLDSCRIPT_c(2776, 2777, S_WORLD_LAS_VEGAS, 20.0, 1.5, None, S_WORLD_LOC_LAS_VEGAS, None, None, False, 18, 37, 142000, 130812675, [], 29.924, None, S_DRIVER_J_JOHNSON, S_TH_GORDON_MARTIN, S_DRIVER_K_KAHNE, S_DRIVER_M_MARTIN, False, S_TB_VEGAS, 12.0, 30.0, True, 32.906, 31.475, 30.045, 190.456, 146.554, 69, False, None, S_DRIVER_M_MARTIN, [], 30.945, 31.876, 32.987, 10.0, 35.0, 35.397, 34.123, 32.676, 31.676, 0.97, Las Vegas)",False,"RACESERIES_c(9670, S_SERIES_SPRINT_CUP, 9671, IMGSPRINTCUP2012.ARC, [], [], 2012, True, None)",False,0
LIVERIE_c,7138,,7138,0x13993,7138,DAVIDRAGAN,"BaseColour_c(70, 35, 35)",S_SCHEME_SHOOTOUT,"DRIVER_c(1129, S_DRIVER_D_RAGAN, None, False, S_HT_UNADILLA, 130092056, True, DavidRagan, 131793153, True, False)",False,False,DLCPACKAGE_c(7581),0,None,False,"RACESERIES_c(9670, S_SERIES_SPRINT_CUP, 9671, IMGSPRINTCUP2012.ARC, [], [], 2012, True, None)",False,0
LIVERIE_c,7139,,7139,0x139D8,7139,DALEJRGREEN,"BaseColour_c(0, 104, 87)",S_SCHEME_KANSAS,"DRIVER_c(1100, S_DRIVER_D_EARNHARDT_JR, None, False, S_HT_KANNAPOLIS, 129370634, True, , 129106177, True, True)",False,False,DLCPACKAGE_c(7581),0,"WORLDSCRIPT_c(2522, 2523, S_WORLD_KANSAS_CITY, 15.0, 1.5, None, S_WORLD_LOC_KANSAS_CITY, None, None, False, 16, 36, 74000, 131139870, [], 31.278, None, S_TH_BIFFLE_JOHNSON, S_DRIVER_J_GORDON, S_DRIVER_M_KENSETH, S_DRIVER_D_HAMLIN, False, S_TB_KANSAS, 17.0, 32.0, False, 35.558, 34.012, 32.466, 180.864, 144.122, 68, False, None, S_DRIVER_J_JOHNSON, [], 32.178, 33.787, 35.289, 19.0, 27.0, 37.824, 35.967, 34.524, 33.624, 0.97, Kansas)",False,"RACESERIES_c(9670, S_SERIES_SPRINT_CUP, 9671, IMGSPRINTCUP2012.ARC, [], [], 2012, True, None)",False,0
LIVERIE_c,7140,,7140,0x13A1D,7140,DALEJRBLUE,"BaseColour_c(0, 33, 87)",S_SCHEME_PHOENIX,"DRIVER_c(1100, S_DRIVER_D_EARNHARDT_JR, None, False, S_HT_KANNAPOLIS, 129370634, True, , 129106177, True, True)",False,False,DLCPACKAGE_c(7581),0,"WORLDSCRIPT_c(1657, 1658, S_WORLD_PHOENIX, 11.0, 1.0, None, S_WORLD_LOC_PHOENIX, None, None, False, 22, 42, 67000, 130288390, [], 27.734, None, S_DRIVER_J_JOHNSON, S_DRIVER_J_JOHNSON, S_DRIVER_K_BUSCH_02, S_DRIVER_T_STEWART, False, S_TB_PHOENIX, 19.0, 35.0, False, 30.354, 29.035, 27.715, 138.766, 118.132, 74, False, None, S_DRIVER_M_MARTIN, [], 28.978, 30.334, 31.575, 23.0, 27.0, 33.589, 32.275, 30.956, 29.675, 0.97, Phoenix)",False,"RACESERIES_c(9670, S_SERIES_SPRINT_CUP, 9671, IMGSPRINTCUP2012.ARC, [], [], 2012, True, None)",False,0
LIVERIE_c,7144,,7144,0x13A62,7144,BOBBYLABONTESECOND,"BaseColour_c(217, 0, 0)",S_SCHEME_MARTINSVILLE,"DRIVER_c(1116, S_DRIVER_B_LABONTE, None, False, S_HT_C_CHRISTI, 128713992, True, Bobby_Labonte, 129106177, False, False)",False,False,DLCPACKAGE_c(7581),0,"WORLDSCRIPT_c(1669, 1670, S_WORLD_MARTINSVILLE, 12.0, 0.526, None, S_WORLD_LOC_MARTINSVILLE, None, None, False, 19, 39, 61000, 127665924, [], 19.875, None, S_HDRIVER_R_PETTY, S_HDRIVER_R_PETTY, S_DRIVER_J_JOHNSON, S_DRIVER_J_GORDON, False, S_TB_MARTINSVILLE, 11.0, 23.0, False, 22.616, 21.633, 20.649, 98.4, 82.223, 71, False, None, S_HDRIVER_R_PETTY, [], 20.785, 21.634, 22.634, 10.0, 29.0, 24.056, 22.856, 21.876, 20.954, 0.98, Martinsville)",False,"RACESERIES_c(9670, S_SERIES_SPRINT_CUP, 9671, IMGSPRINTCUP2012.ARC, [], [], 2012, True, None)",False,0
LIVERIE_c,7151,,7151,0x13AA7,7151,RICKYSTENHOUSE,"BaseColour_c(0, 0, 180)",S_SCHEME_DAYTONA,"DRIVER_c(7175, S_DRIVER_R_STENHOUSE_JR, None, False, S_STATE_MISSISSIPPI, 130222594, True, stenhousejr, 129106177, False, False)",False,False,DLCPACKAGE_c(7581),0,"WORLDSCRIPT_c(1180, 1181, S_WORLD_DAYTONA_BEACH, 31.0, 2.5, None, S_WORLD_LOC_DAYTONA_BEACH, None, None, False, 10, 31, 168000, 128385558, [], 47.816879, None, S_HDRIVER_R_PETTY, S_HDRIVER_R_PETTY, S_DRIVER_B_ELLIOT, S_HDRIVER_B_BAKER, False, S_TB_DAYTONA, 15.0, 22.0, False, 54.135, 51.781, 49.428, 210.364, 177.602, 63, False, None, S_HDRIVER_R_PETTY, [], 49.149963, 52.916748, 54.916748, 12.0, 27.0, 56.883789, 55.383667, 52.383545, 48.800073, 0.97, Daytona)",False,"RACESERIES_c(9670, S_SERIES_SPRINT_CUP, 9671, IMGSPRINTCUP2012.ARC, [], [], 2012, True, None)",False,0
LIVERIE_c,7152,,7152,0x13AEC,7152,JOSHWISE,"BaseColour_c(0, 0, 180)",S_SCHEME_AUTOCLUB,"DRIVER_c(7174, S_DRIVER_J_WISE, None, False, S_STATE_CALIFORNIA, 129958407, True, Josh_Wise, 129106177, False, False)",False,False,DLCPACKAGE_c(7581),0,"WORLDSCRIPT_c(1186, 1187, S_WORLD_FONTANA, 14.0, 2.0, None, S_WORLD_LOC_FONTANA, None, None, False, 5, 35, 92000, 130876949, [], 39.157, None, S_DRIVER_J_JOHNSON, S_DRIVER_J_JOHNSON, S_DRIVER_K_BUSCH_02, S_DRIVER_T_STEWART, False, S_TB_AUTOCLUB, 15.0, 26.0, False, 45.063, 43.104, 41.144, 188.245, 160.166, 60, False, None, S_DRIVER_J_JOHNSON, [], 40.735, 42.855, 43.837, 19.0, 33.0, 46.816, 45.521, 44.523, 42.655, 0.97, Auto Club)",False,"RACESERIES_c(9670, S_SERIES_SPRINT_CUP, 9671, IMGSPRINTCUP2012.ARC, [], [], 2012, True, None)",False,0
LIVERIE_c,11447,,11447,0x13B31,11447,12_REGANSMITH,"BaseColour_c(0, 0, 180)",S_SCHEME_DAYTONA,"DRIVER_c(1134, S_DRIVER_R_SMITH, None, False, S_HT_CATO, 129960215, True, Regan_Smith_, 131793153, False, False)",False,False,DLCPACKAGE_c(7581),5000,None,False,"RACESERIES_c(9670, S_SERIES_SPRINT_CUP, 9671, IMGSPRINTCUP2012.ARC, [], [], 2012, True, None)",False,0
LIVERIE_c,11448,,11448,0x13B76,11448,12_CASEYMEARS,"BaseColour_c(0, 0, 180)",S_SCHEME_DAYTONA,"DRIVER_c(1124, S_DRIVER_C_MEARS, None, False, S_HT_BAKERSFIELD, 129630988, True, CaseyMears13, 129106177, False, False)",False,False,DLCPACKAGE_c(7581),5000,None,False,"RACESERIES_c(9670, S_SERIES_SPRINT_CUP, 9671, IMGSPRINTCUP2012.ARC, [], [], 2012, True, None)",False,0
LIVERIE_c,11449,,11449,0x13BBB,11449,12_SCOTTSPEED,"BaseColour_c(0, 0, 180)",S_SCHEME_TEXAS,"DRIVER_c(1415, S_DRIVER_S_SPEED, None, False, S_HT_MANTECA, 129958168, True, scottspeed, 129106177, False, False)",False,False,DLCPACKAGE_c(7581),5000,"WORLDSCRIPT_c(2438, 2439, S_WORLD_TEXAS, 24.0, 1.5, None, S_WORLD_LOC_TEXAS, None, None, False, 27, 46, 138100, 130876421, [], 28.878, None, S_DRIVER_C_EDWARDS, S_DRIVER_M_KENSETH, S_DRIVER_K_BUSCH_02, S_DRIVER_G_BIFFLE, False, S_TB_TEXAS, 19.0, 27.0, False, 32.458, 31.046, 29.635, 196.299, 160.577, 78, False, None, S_TH_KENSETH_JOHNSON, [], 29.946, 31.487, 32.645, 15.0, 32.0, 34.485, 32.976, 31.846, 30.656, 0.976, Texas)",False,"RACESERIES_c(9670, S_SERIES_SPRINT_CUP, 9671, IMGSPRINTCUP2012.ARC, [], [], 2012, True, None)",False,0
LIVERIE_c,11450,,11450,0x13C00,11450,12_JOENEMECHEK,"BaseColour_c(0, 0, 180)",S_SCHEME_BRISTOL,"DRIVER_c(1126, S_DRIVER_J_NEMECHEK, None, False, S_HT_LAKELAND, 128649498, True, FrontRowJoe87, 129106177, False, False)",False,False,DLCPACKAGE_c(7581),5000,None,False,"RACESERIES_c(9670, S_SERIES_SPRINT_CUP, 9671, IMGSPRINTCUP2012.ARC, [], [], 2012, True, None)",False,0
LIVERIE_c,11451,,11451,0x13C45,11451,12_MICHAELMCDOWELL,"BaseColour_c(0, 0, 180)",S_SCHEME_DAYTONA,"DRIVER_c(1400, S_DRIVER_M_MCDOWELL, None, False, S_HT_GLENDALE, 130026517, True, Mc_Driver, 129106177, False, False)",False,False,DLCPACKAGE_c(7581),5000,None,False,"RACESERIES_c(9670, S_SERIES_SPRINT_CUP, 9671, IMGSPRINTCUP2012.ARC, [], [], 2012, True, None)",False,0
LIVERIE_c,11452,,11452,0x13C8A,11452,12_JJYELEY,"BaseColour_c(0, 0, 180)",S_LIV_PRIMARY,"DRIVER_c(1142, S_DRIVER_JJ_YELEY, None, False, S_HT_PHOENIX, 131072257, True, , 129106177, False, False)",False,False,DLCPACKAGE_c(7581),5000,None,False,"RACESERIES_c(9670, S_SERIES_SPRINT_CUP, 9671, IMGSPRINTCUP2012.ARC, [], [], 2012, True, None)",False,0
LIVERIE_c,11453,,11453,0x13CCF,11453,12_DAVEBLANEY,"BaseColour_c(0, 0, 180)",S_SCHEME_BRISTOL,"DRIVER_c(1091, S_DRIVER_D_BLANEY, None, False, S_HT_HARTFORD, 128584216, True, BuckeyeBullet10, 129106177, False, False)",False,False,DLCPACKAGE_c(7581),5000,"WORLDSCRIPT_c(1858, 1859, S_WORLD_BRISTOL, 30.0, 0.533, None, S_WORLD_LOC_BRISTOL, None, None, False, 4, 27, 160000, 128517918, [], 15.678, None, S_HDRIVER_D_WALTRIP, S_HDRIVER_PETTYWALTRIP, S_DRIVER_K_BUSCH_02, S_HDRIVER_C_GLOTZBACH, False, S_TB_BRISTOL, 22.0, 26.0, True, 17.871, 17.094, 16.317, 129.535, 101.074, 59, False, None, S_HDRIVER_R_PETTY, [], 16.542, 17.286, 18.134, 19.0, 22.0, 19.345, 18.523, 17.624, 16.765, 0.98, Bristol Night)",False,"RACESERIES_c(9670, S_SERIES_SPRINT_CUP, 9671, IMGSPRINTCUP2012.ARC, [], [], 2012, True, None)",False,0
LIVERIE_c,11454,,11454,0x13D14,11454,12_LANDONCASSILL,"BaseColour_c(0, 0, 180)",S_SCHEME_DAYTONA,"DRIVER_c(9666, S_DRIVER_L_CASSILL, None, False, S_WORLD_LOC_IOWA, 130352903, True, landoncassill, 129106177, False, False)",False,False,DLCPACKAGE_c(7581),5000,"WORLDSCRIPT_c(1180, 1181, S_WORLD_DAYTONA_BEACH, 31.0, 2.5, None, S_WORLD_LOC_DAYTONA_BEACH, None, None, False, 10, 31, 168000, 128385558, [], 47.816879, None, S_HDRIVER_R_PETTY, S_HDRIVER_R_PETTY, S_DRIVER_B_ELLIOT, S_HDRIVER_B_BAKER, False, S_TB_DAYTONA, 15.0, 22.0, False, 54.135, 51.781, 49.428, 210.364, 177.602, 63, False, None, S_HDRIVER_R_PETTY, [], 49.149963, 52.916748, 54.916748, 12.0, 27.0, 56.883789, 55.383667, 52.383545, 48.800073, 0.97, Daytona)",False,"RACESERIES_c(9670, S_SERIES_SPRINT_CUP, 9671, IMGSPRINTCUP2012.ARC, [], [], 2012, True, None)",False,0
LIVERIE_c,12484,,12484,0x13D59,12484,JOEYLOGANOSECOND,"BaseColour_c(0, 0, 180)",S_SCHEME_VEGAS,"DRIVER_c(1117, S_DRIVER_J_LOGANO, None, False, S_HT_MIDDLETOWN, 130417944, True, joeylogano, 129106177, True, False)",False,False,DLCPACKAGE_c(7581),0,"WORLDSCRIPT_c(2776, 2777, S_WORLD_LAS_VEGAS, 20.0, 1.5, None, S_WORLD_LOC_LAS_VEGAS, None, None, False, 18, 37, 142000, 130812675, [], 29.924, None, S_DRIVER_J_JOHNSON, S_TH_GORDON_MARTIN, S_DRIVER_K_KAHNE, S_DRIVER_M_MARTIN, False, S_TB_VEGAS, 12.0, 30.0, True, 32.906, 31.475, 30.045, 190.456, 146.554, 69, False, None, S_DRIVER_M_MARTIN, [], 30.945, 31.876, 32.987, 10.0, 35.0, 35.397, 34.123, 32.676, 31.676, 0.97, Las Vegas)",False,"RACESERIES_c(9670, S_SERIES_SPRINT_CUP, 9671, IMGSPRINTCUP2012.ARC, [], [], 2012, True, None)",False,0
LIVERIE_c,12571,,12571,0x13D9E,12571,KYLEBUSCHSECOND,"BaseColour_c(0, 0, 180)",S_SCHEME_AUTOCLUB,"DRIVER_c(1096, S_DRIVER_K_BUSCH_02, None, False, S_HT_LAS_VEGAS, 130090242, True, kylebusch, 131793153, True, True)",False,False,DLCPACKAGE_c(7581),5000,"WORLDSCRIPT_c(1186, 1187, S_WORLD_FONTANA, 14.0, 2.0, None, S_WORLD_LOC_FONTANA, None, None, False, 5, 35, 92000, 130876949, [], 39.157, None, S_DRIVER_J_JOHNSON, S_DRIVER_J_JOHNSON, S_DRIVER_K_BUSCH_02, S_DRIVER_T_STEWART, False, S_TB_AUTOCLUB, 15.0, 26.0, False, 45.063, 43.104, 41.144, 188.245, 160.166, 60, False, None, S_DRIVER_J_JOHNSON, [], 40.735, 42.855, 43.837, 19.0, 33.0, 46.816, 45.521, 44.523, 42.655, 0.97, Auto Club)",False,"RACESERIES_c(9670, S_SERIES_SPRINT_CUP, 9671, IMGSPRINTCUP2012.ARC, [], [], 2012, True, None)",False,0
LIVERIE_c,12593,,12593,0x13DE3,12593,12_HORNISHJR,"BaseColour_c(0, 0, 180)",S_SCHEME_NEWHAMPSHIRE,"DRIVER_c(1109, S_DRIVER_S_HORNISH_JR, None, False, S_HT_BRYAN, 129697538, True, SamHornish, 129106177, False, False)",False,False,DLCPACKAGE_c(7581),5000,None,False,"RACESERIES_c(9670, S_SERIES_SPRINT_CUP, 9671, IMGSPRINTCUP2012.ARC, [], [], 2012, True, None)",False,0
LIVERIE_c,12602,,12602,0x13E28,12602,TELEMETRYCHEVROLET,"BaseColour_c(0, 0, 180)",S_LIV_PRIMARY,"DRIVER_c(12601, S_DRIVER_TITLE, None, True, , 131072257, True, , 129106177, False, False)",False,False,DLCPACKAGE_c(7581),0,None,False,"RACESERIES_c(9670, S_SERIES_SPRINT_CUP, 9671, IMGSPRINTCUP2012.ARC, [], [], 2012, True, None)",False,0
LIVERIE_c,12603,,12603,0x13E6D,12603,TELEMETRYDODGE,"BaseColour_c(0, 0, 180)",S_LIV_PRIMARY,"DRIVER_c(12608, S_DRIVER_TITLE, None, True, , 131072257, True, , 129106177, False, False)",False,False,DLCPACKAGE_c(7581),0,None,False,"RACESERIES_c(9670, S_SERIES_SPRINT_CUP, 9671, IMGSPRINTCUP2012.ARC, [], [], 2012, True, None)",False,0
LIVERIE_c,12604,,12604,0x13EB2,12604,TELEMETRYFORD,"BaseColour_c(0, 0, 180)",S_LIV_PRIMARY,"DRIVER_c(12609, S_DRIVER_TITLE, None, True, , 131072257, True, , 129106177, False, False)",False,False,DLCPACKAGE_c(7581),0,None,False,"RACESERIES_c(9670, S_SERIES_SPRINT_CUP, 9671, IMGSPRINTCUP2012.ARC, [], [], 2012, True, None)",False,0
LIVERIE_c,12605,,12605,0x13EF7,12605,TELEMETRYTOYOTA,"BaseColour_c(0, 0, 180)",S_LIV_PRIMARY,"DRIVER_c(12610, S_DRIVER_TITLE, None, True, , 131072257, True, , 129106177, False, False)",False,False,DLCPACKAGE_c(7581),0,None,False,"RACESERIES_c(9670, S_SERIES_SPRINT_CUP, 9671, IMGSPRINTCUP2012.ARC, [], [], 2012, True, None)",False,0
LIVERIE_c,12625,,12625,0x13F3C,12625,12_DAVIDSTREMME,"BaseColour_c(0, 0, 180)",S_SCHEME_VEGAS,"DRIVER_c(1137, S_DRIVER_D_STREMME, None, False, S_HT_SOUTH_BEND, 131072257, True, DavidStremme, 129106177, False, False)",False,False,DLCPACKAGE_c(7581),5000,"WORLDSCRIPT_c(2776, 2777, S_WORLD_LAS_VEGAS, 20.0, 1.5, None, S_WORLD_LOC_LAS_VEGAS, None, None, False, 18, 37, 142000, 130812675, [], 29.924, None, S_DRIVER_J_JOHNSON, S_TH_GORDON_MARTIN, S_DRIVER_K_KAHNE, S_DRIVER_M_MARTIN, False, S_TB_VEGAS, 12.0, 30.0, True, 32.906, 31.475, 30.045, 190.456, 146.554, 69, False, None, S_DRIVER_M_MARTIN, [], 30.945, 31.876, 32.987, 10.0, 35.0, 35.397, 34.123, 32.676, 31.676, 0.97, Las Vegas)",False,"RACESERIES_c(9670, S_SERIES_SPRINT_CUP, 9671, IMGSPRINTCUP2012.ARC, [], [], 2012, True, None)",False,0
LIVERIE_c,12767,,12767,0x13F81,12767,12MATTKENSETHTHIRD,"BaseColour_c(0, 0, 180)",S_SCHEME_VEGAS,"DRIVER_c(1114, S_DRIVER_M_KENSETH, None, False, S_HT_CAMBRIGDGE, 129237770, True, mattkenseth, 131793153, True, False)",False,False,DLCPACKAGE_c(7581),5000,"WORLDSCRIPT_c(2776, 2777, S_WORLD_LAS_VEGAS, 20.0, 1.5, None, S_WORLD_LOC_LAS_VEGAS, None, None, False, 18, 37, 142000, 130812675, [], 29.924, None, S_DRIVER_J_JOHNSON, S_TH_GORDON_MARTIN, S_DRIVER_K_KAHNE, S_DRIVER_M_MARTIN, False, S_TB_VEGAS, 12.0, 30.0, True, 32.906, 31.475, 30.045, 190.456, 146.554, 69, False, None, S_DRIVER_M_MARTIN, [], 30.945, 31.876, 32.987, 10.0, 35.0, 35.397, 34.123, 32.676, 31.676, 0.97, Las Vegas)",False,"RACESERIES_c(9670, S_SERIES_SPRINT_CUP, 9671, IMGSPRINTCUP2012.ARC, [], [], 2012, True, None)",False,0
LIVERIE_c,12768,,12768,0x13FC6,12768,12RYANNEWMANFOURTH,"BaseColour_c(0, 0, 180)",S_SCHEME_KANSAS,"DRIVER_c(1127, S_DRIVER_R_NEWMAN, None, False, S_HT_SOUTH_BEND, 129567752, True, RyanNewman39, 131793153, True, False)",False,False,DLCPACKAGE_c(7581),5000,"WORLDSCRIPT_c(2522, 2523, S_WORLD_KANSAS_CITY, 15.0, 1.5, None, S_WORLD_LOC_KANSAS_CITY, None, None, False, 16, 36, 74000, 131139870, [], 31.278, None, S_TH_BIFFLE_JOHNSON, S_DRIVER_J_GORDON, S_DRIVER_M_KENSETH, S_DRIVER_D_HAMLIN, False, S_TB_KANSAS, 17.0, 32.0, False, 35.558, 34.012, 32.466, 180.864, 144.122, 68, False, None, S_DRIVER_J_JOHNSON, [], 32.178, 33.787, 35.289, 19.0, 27.0, 37.824, 35.967, 34.524, 33.624, 0.97, Kansas)",False,"RACESERIES_c(9670, S_SERIES_SPRINT_CUP, 9671, IMGSPRINTCUP2012.ARC, [], [], 2012, True, None)",False,0
LIVERIE_c,12769,,12769,0x1400B,12769,12_SCOTTSPEEDSECONDARY,"BaseColour_c(0, 0, 180)",S_SCHEME_CHARLOTTE,"DRIVER_c(1415, S_DRIVER_S_SPEED, None, False, S_HT_MANTECA, 129958168, True, scottspeed, 129106177, False, False)",False,False,DLCPACKAGE_c(7581),5000,None,False,"RACESERIES_c(9670, S_SERIES_SPRINT_CUP, 9671, IMGSPRINTCUP2012.ARC, [], [], 2012, True, None)",False,0
LIVERIE_c,13841,,13841,0x14050,13841,12MATTKENSETHFOURTH,"BaseColour_c(0, 0, 180)",S_SCHEME_AUTOCLUB,"DRIVER_c(1114, S_DRIVER_M_KENSETH, None, False, S_HT_CAMBRIGDGE, 129237770, True, mattkenseth, 131793153, True, False)",False,False,DLCPACKAGE_c(7581),5000,"WORLDSCRIPT_c(1186, 1187, S_WORLD_FONTANA, 14.0, 2.0, None, S_WORLD_LOC_FONTANA, None, None, False, 5, 35, 92000, 130876949, [], 39.157, None, S_DRIVER_J_JOHNSON, S_DRIVER_J_JOHNSON, S_DRIVER_K_BUSCH_02, S_DRIVER_T_STEWART, False, S_TB_AUTOCLUB, 15.0, 26.0, False, 45.063, 43.104, 41.144, 188.245, 160.166, 60, False, None, S_DRIVER_J_JOHNSON, [], 40.735, 42.855, 43.837, 19.0, 33.0, 46.816, 45.521, 44.523, 42.655, 0.97, Auto Club)",False,"RACESERIES_c(9670, S_SERIES_SPRINT_CUP, 9671, IMGSPRINTCUP2012.ARC, [], [], 2012, True, None)",False,0
LIVERIE_c,13842,,13842,0x14095,13842,12KYLEBUSCHFOURTH,"BaseColour_c(0, 0, 180)",S_SCHEME_BRISTOL,"DRIVER_c(1096, S_DRIVER_K_BUSCH_02, None, False, S_HT_LAS_VEGAS, 130090242, True, kylebusch, 131793153, True, True)",False,False,DLCPACKAGE_c(7581),5000,None,False,"RACESERIES_c(9670, S_SERIES_SPRINT_CUP, 9671, IMGSPRINTCUP2012.ARC, [], [], 2012, True, None)",False,0
LIVERIE_c,13843,,13843,0x140DA,13843,12JAMIEMCMURRAYTHIRD,"BaseColour_c(0, 0, 180)",S_SCHEME_NEWHAMPSHIRE,"DRIVER_c(1121, S_DRIVER_J_MCMURRAY, None, False, S_HT_JOPLIN, 129500675, True, JamieMcMurray, 131727617, True, False)",False,False,DLCPACKAGE_c(7581),5000,None,False,"RACESERIES_c(9670, S_SERIES_SPRINT_CUP, 9671, IMGSPRINTCUP2012.ARC, [], [], 2012, True, None)",False,0
LIVERIE_c,13844,,13844,0x1411F,13844,12JEFFBURTONFOURTH,"BaseColour_c(0, 0, 180)",S_SCHEME_BRISTOL_FALL,"DRIVER_c(1094, S_DRIVER_J_BURTON, None, False, S_HT_SOUTH_BOSTON, 128910877, True, RCR31JeffBurton, 129106177, True, False)",False,False,DLCPACKAGE_c(7581),5000,None,False,"RACESERIES_c(9670, S_SERIES_SPRINT_CUP, 9671, IMGSPRINTCUP2012.ARC, [], [], 2012, True, None)",False,0
LIVERIE_c,13845,,13845,0x14164,13845,12PAULMENARDFOURTH,"BaseColour_c(0, 0, 180)",S_SCHEME_RHEEM,"DRIVER_c(1123, S_DRIVER_P_MENARD, None, False, S_HT_EAU_CLAIRE, 129763349, True, RCR27PMenard, 131793153, False, False)",False,False,DLCPACKAGE_c(7581),5000,None,False,"RACESERIES_c(9670, S_SERIES_SPRINT_CUP, 9671, IMGSPRINTCUP2012.ARC, [], [], 2012, True, None)",False,0
LIVERIE_c,13846,,13846,0x141A9,13846,12DAVIDRAGANSECOND,"BaseColour_c(0, 0, 180)",S_SCHEME_DAYTONA,"DRIVER_c(1129, S_DRIVER_D_RAGAN, None, False, S_HT_UNADILLA, 130092056, True, DavidRagan, 131793153, True, False)",False,False,DLCPACKAGE_c(7581),5000,"WORLDSCRIPT_c(1180, 1181, S_WORLD_DAYTONA_BEACH, 31.0, 2.5, None, S_WORLD_LOC_DAYTONA_BEACH, None, None, False, 10, 31, 168000, 128385558, [], 47.816879, None, S_HDRIVER_R_PETTY, S_HDRIVER_R_PETTY, S_DRIVER_B_ELLIOT, S_HDRIVER_B_BAKER, False, S_TB_DAYTONA, 15.0, 22.0, False, 54.135, 51.781, 49.428, 210.364, 177.602, 63, False, None, S_HDRIVER_R_PETTY, [], 49.149963, 52.916748, 54.916748, 12.0, 27.0, 56.883789, 55.383667, 52.383545, 48.800073, 0.97, Daytona)",False,"RACESERIES_c(9670, S_SERIES_SPRINT_CUP, 9671, IMGSPRINTCUP2012.ARC, [], [], 2012, True, None)",False,0
LIVERIE_c,13847,,13847,0x141EE,13847,12DAVIDGILLILANDSECOND,"BaseColour_c(0, 0, 180)",S_SCHEME_DAYTONA,"DRIVER_c(1104, S_DRIVER_D_GILLILAND, None, False, S_HT_RIVERSIDE, 129500161, True, DavidGilliland, 129106177, False, False)",False,False,DLCPACKAGE_c(7581),5000,"WORLDSCRIPT_c(1180, 1181, S_WORLD_DAYTONA_BEACH, 31.0, 2.5, None, S_WORLD_LOC_DAYTONA_BEACH, None, None, False, 10, 31, 168000, 128385558, [], 47.816879, None, S_HDRIVER_R_PETTY, S_HDRIVER_R_PETTY, S_DRIVER_B_ELLIOT, S_HDRIVER_B_BAKER, False, S_TB_DAYTONA, 15.0, 22.0, False, 54.135, 51.781, 49.428, 210.364, 177.602, 63, False, None, S_HDRIVER_R_PETTY, [], 49.149963, 52.916748, 54.916748, 12.0, 27.0, 56.883789, 55.383667, 52.383545, 48.800073, 0.97, Daytona)",False,"RACESERIES_c(9670, S_SERIES_SPRINT_CUP, 9671, IMGSPRINTCUP2012.ARC, [], [], 2012, True, None)",False,0
LIVERIE_c,13848,,13848,0x14233,13848,12MONTOYASECOND,"BaseColour_c(0, 0, 180)",S_SCHEME_VEGAS,"DRIVER_c(1125, S_DRIVER_J_MONTOYA, None, False, S_HT_BOGOTA, 129435924, True, JPMontoya, 131727617, True, False)",False,False,DLCPACKAGE_c(7581),5000,"WORLDSCRIPT_c(2776, 2777, S_WORLD_LAS_VEGAS, 20.0, 1.5, None, S_WORLD_LOC_LAS_VEGAS, None, None, False, 18, 37, 142000, 130812675, [], 29.924, None, S_DRIVER_J_JOHNSON, S_TH_GORDON_MARTIN, S_DRIVER_K_KAHNE, S_DRIVER_M_MARTIN, False, S_TB_VEGAS, 12.0, 30.0, True, 32.906, 31.475, 30.045, 190.456, 146.554, 69, False, None, S_DRIVER_M_MARTIN, [], 30.945, 31.876, 32.987, 10.0, 35.0, 35.397, 34.123, 32.676, 31.676, 0.97, Las Vegas)",False,"RACESERIES_c(9670, S_SERIES_SPRINT_CUP, 9671, IMGSPRINTCUP2012.ARC, [], [], 2012, True, None)",False,0
LIVERIE_c,13849,,13849,0x14278,13849,12ARICALMIROLAFOURTH,"BaseColour_c(0, 0, 180)",S_SCHEME_VEGAS,"DRIVER_c(1084, S_DRIVER_A_ALMIROLA, None, False, S_HT_TAMPA, 130024206, True, aric_almirola, 129106177, True, False)",False,False,DLCPACKAGE_c(7581),5000,"WORLDSCRIPT_c(2776, 2777, S_WORLD_LAS_VEGAS, 20.0, 1.5, None, S_WORLD_LOC_LAS_VEGAS, None, None, False, 18, 37, 142000, 130812675, [], 29.924, None, S_DRIVER_J_JOHNSON, S_TH_GORDON_MARTIN, S_DRIVER_K_KAHNE, S_DRIVER_M_MARTIN, False, S_TB_VEGAS, 12.0, 30.0, True, 32.906, 31.475, 30.045, 190.456, 146.554, 69, False, None, S_DRIVER_M_MARTIN, [], 30.945, 31.876, 32.987, 10.0, 35.0, 35.397, 34.123, 32.676, 31.676, 0.97, Las Vegas)",False,"RACESERIES_c(9670, S_SERIES_SPRINT_CUP, 9671, IMGSPRINTCUP2012.ARC, [], [], 2012, True, None)",False,0
LIVERIE_c,13850,,13850,0x142BD,13850,12ARICALMIROLASIXTH,"BaseColour_c(0, 0, 180)",S_SCHEME_AUTOCLUB,"DRIVER_c(1084, S_DRIVER_A_ALMIROLA, None, False, S_HT_TAMPA, 130024206, True, aric_almirola, 129106177, True, False)",False,False,DLCPACKAGE_c(7581),5000,"WORLDSCRIPT_c(1186, 1187, S_WORLD_FONTANA, 14.0, 2.0, None, S_WORLD_LOC_FONTANA, None, None, False, 5, 35, 92000, 130876949, [], 39.157, None, S_DRIVER_J_JOHNSON, S_DRIVER_J_JOHNSON, S_DRIVER_K_BUSCH_02, S_DRIVER_T_STEWART, False, S_TB_AUTOCLUB, 15.0, 26.0, False, 45.063, 43.104, 41.144, 188.245, 160.166, 60, False, None, S_DRIVER_J_JOHNSON, [], 40.735, 42.855, 43.837, 19.0, 33.0, 46.816, 45.521, 44.523, 42.655, 0.97, Auto Club)",False,"RACESERIES_c(9670, S_SERIES_SPRINT_CUP, 9671, IMGSPRINTCUP2012.ARC, [], [], 2012, True, None)",False,0
LIVERIE_c,13851,,13851,0x14302,13851,12ARICALMIROLATHIRD,"BaseColour_c(0, 0, 180)",S_SCHEME_KANSAS,"DRIVER_c(1084, S_DRIVER_A_ALMIROLA, None, False, S_HT_TAMPA, 130024206, True, aric_almirola, 129106177, True, False)",False,False,DLCPACKAGE_c(7581),5000,"WORLDSCRIPT_c(2522, 2523, S_WORLD_KANSAS_CITY, 15.0, 1.5, None, S_WORLD_LOC_KANSAS_CITY, None, None, False, 16, 36, 74000, 131139870, [], 31.278, None, S_TH_BIFFLE_JOHNSON, S_DRIVER_J_GORDON, S_DRIVER_M_KENSETH, S_DRIVER_D_HAMLIN, False, S_TB_KANSAS, 17.0, 32.0, False, 35.558, 34.012, 32.466, 180.864, 144.122, 68, False, None, S_DRIVER_J_JOHNSON, [], 32.178, 33.787, 35.289, 19.0, 27.0, 37.824, 35.967, 34.524, 33.624, 0.97, Kansas)",False,"RACESERIES_c(9670, S_SERIES_SPRINT_CUP, 9671, IMGSPRINTCUP2012.ARC, [], [], 2012, True, None)",False,0
LIVERIE_c,13852,,13852,0x14347,13852,12KURTBUSCHSECOND,"BaseColour_c(0, 0, 180)",S_SCHEME_VEGAS,"DRIVER_c(1095, S_DRIVER_K_BUSCH_01, None, False, S_HT_LAS_VEGAS, 129632260, True, kurtbusch, 131793153, True, True)",False,False,DLCPACKAGE_c(7581),5000,"WORLDSCRIPT_c(2776, 2777, S_WORLD_LAS_VEGAS, 20.0, 1.5, None, S_WORLD_LOC_LAS_VEGAS, None, None, False, 18, 37, 142000, 130812675, [], 29.924, None, S_DRIVER_J_JOHNSON, S_TH_GORDON_MARTIN, S_DRIVER_K_KAHNE, S_DRIVER_M_MARTIN, False, S_TB_VEGAS, 12.0, 30.0, True, 32.906, 31.475, 30.045, 190.456, 146.554, 69, False, None, S_DRIVER_M_MARTIN, [], 30.945, 31.876, 32.987, 10.0, 35.0, 35.397, 34.123, 32.676, 31.676, 0.97, Las Vegas)",False,"RACESERIES_c(9670, S_SERIES_SPRINT_CUP, 9671, IMGSPRINTCUP2012.ARC, [], [], 2012, True, None)",False,0
LIVERIE_c,13853,,13853,0x1438C,13853,12LANDONCASSILLSECOND,"BaseColour_c(0, 0, 180)",S_SCHEME_KANSAS,"DRIVER_c(9666, S_DRIVER_L_CASSILL, None, False, S_WORLD_LOC_IOWA, 130352903, True, landoncassill, 129106177, False, False)",False,False,DLCPACKAGE_c(7581),5000,"WORLDSCRIPT_c(2522, 2523, S_WORLD_KANSAS_CITY, 15.0, 1.5, None, S_WORLD_LOC_KANSAS_CITY, None, None, False, 16, 36, 74000, 131139870, [], 31.278, None, S_TH_BIFFLE_JOHNSON, S_DRIVER_J_GORDON, S_DRIVER_M_KENSETH, S_DRIVER_D_HAMLIN, False, S_TB_KANSAS, 17.0, 32.0, False, 35.558, 34.012, 32.466, 180.864, 144.122, 68, False, None, S_DRIVER_J_JOHNSON, [], 32.178, 33.787, 35.289, 19.0, 27.0, 37.824, 35.967, 34.524, 33.624, 0.97, Kansas)",False,"RACESERIES_c(9670, S_SERIES_SPRINT_CUP, 9671, IMGSPRINTCUP2012.ARC, [], [], 2012, True, None)",False,0
LIVERIE_c,13854,,13854,0x143D1,13854,12DALEJRTHIRD,"BaseColour_c(0, 0, 180)",S_SCHEME_MARTINSVILLE,"DRIVER_c(1100, S_DRIVER_D_EARNHARDT_JR, None, False, S_HT_KANNAPOLIS, 129370634, True, , 129106177, True, True)",False,False,DLCPACKAGE_c(7581),5000,"WORLDSCRIPT_c(1669, 1670, S_WORLD_MARTINSVILLE, 12.0, 0.526, None, S_WORLD_LOC_MARTINSVILLE, None, None, False, 19, 39, 61000, 127665924, [], 19.875, None, S_HDRIVER_R_PETTY, S_HDRIVER_R_PETTY, S_DRIVER_J_JOHNSON, S_DRIVER_J_GORDON, False, S_TB_MARTINSVILLE, 11.0, 23.0, False, 22.616, 21.633, 20.649, 98.4, 82.223, 71, False, None, S_HDRIVER_R_PETTY, [], 20.785, 21.634, 22.634, 10.0, 29.0, 24.056, 22.856, 21.876, 20.954, 0.98, Martinsville)",False,"RACESERIES_c(9670, S_SERIES_SPRINT_CUP, 9671, IMGSPRINTCUP2012.ARC, [], [], 2012, True, None)",False,0
LIVERIE_c,13855,,13855,0x14416,13855,12TRAVISKVAPILSECOND,"BaseColour_c(0, 0, 180)",S_SCHEME_TEXAS,"DRIVER_c(2847, S_DRIVER_T_KVAPIL, None, False, S_HT_JANESVILLE, 129499905, True, TravisKvapil, 129106177, False, False)",False,False,DLCPACKAGE_c(7581),5000,"WORLDSCRIPT_c(2438, 2439, S_WORLD_TEXAS, 24.0, 1.5, None, S_WORLD_LOC_TEXAS, None, None, False, 27, 46, 138100, 130876421, [], 28.878, None, S_DRIVER_C_EDWARDS, S_DRIVER_M_KENSETH, S_DRIVER_K_BUSCH_02, S_DRIVER_G_BIFFLE, False, S_TB_TEXAS, 19.0, 27.0, False, 32.458, 31.046, 29.635, 196.299, 160.577, 78, False, None, S_TH_KENSETH_JOHNSON, [], 29.946, 31.487, 32.645, 15.0, 32.0, 34.485, 32.976, 31.846, 30.656, 0.976, Texas)",False,"RACESERIES_c(9670, S_SERIES_SPRINT_CUP, 9671, IMGSPRINTCUP2012.ARC, [], [], 2012, True, None)",False,0
LIVERIE_c,13856,,13856,0x1445B,13856,12TRAVISKVAPILTHIRD,"BaseColour_c(0, 0, 180)",S_SCHEME_KANSAS,"DRIVER_c(2847, S_DRIVER_T_KVAPIL, None, False, S_HT_JANESVILLE, 129499905, True, TravisKvapil, 129106177, False, False)",False,False,DLCPACKAGE_c(7581),5000,"WORLDSCRIPT_c(2522, 2523, S_WORLD_KANSAS_CITY, 15.0, 1.5, None, S_WORLD_LOC_KANSAS_CITY, None, None, False, 16, 36, 74000, 131139870, [], 31.278, None, S_TH_BIFFLE_JOHNSON, S_DRIVER_J_GORDON, S_DRIVER_M_KENSETH, S_DRIVER_D_HAMLIN, False, S_TB_KANSAS, 17.0, 32.0, False, 35.558, 34.012, 32.466, 180.864, 144.122, 68, False, None, S_DRIVER_J_JOHNSON, [], 32.178, 33.787, 35.289, 19.0, 27.0, 37.824, 35.967, 34.524, 33.624, 0.97, Kansas)",False,"RACESERIES_c(9670, S_SERIES_SPRINT_CUP, 9671, IMGSPRINTCUP2012.ARC, [], [], 2012, True, None)",False,0
LIVERIE_c,13857,,13857,0x144A0,13857,12MARCOSAMBROSETHIRD,"BaseColour_c(0, 0, 180)",S_SCHEME_BRISTOL,"DRIVER_c(1085, S_DRIVER_M_AMBROSE, None, False, S_HT_LAUNCESTON, 129501441, True, MarcosAmbrose, 129106177, True, False)",False,False,DLCPACKAGE_c(7581),5000,"WORLDSCRIPT_c(1858, 1859, S_WORLD_BRISTOL, 30.0, 0.533, None, S_WORLD_LOC_BRISTOL, None, None, False, 4, 27, 160000, 128517918, [], 15.678, None, S_HDRIVER_D_WALTRIP, S_HDRIVER_PETTYWALTRIP, S_DRIVER_K_BUSCH_02, S_HDRIVER_C_GLOTZBACH, False, S_TB_BRISTOL, 22.0, 26.0, True, 17.871, 17.094, 16.317, 129.535, 101.074, 59, False, None, S_HDRIVER_R_PETTY, [], 16.542, 17.286, 18.134, 19.0, 22.0, 19.345, 18.523, 17.624, 16.765, 0.98, Bristol Night)",False,"RACESERIES_c(9670, S_SERIES_SPRINT_CUP, 9671, IMGSPRINTCUP2012.ARC, [], [], 2012, True, None)",False,0
LIVERIE_c,14594,,14594,0x144E5,14594,12GREGBIFFLESIXTH,"BaseColour_c(0, 0, 180)",S_SCHEME_DOVER,"DRIVER_c(1090, S_DRIVER_G_BIFFLE, None, False, S_HT_VANCOUVER, 129043479, True, gbiffle, 131727617, True, False)",False,False,DLCPACKAGE_c(7581),5000,None,False,"RACESERIES_c(9670, S_SERIES_SPRINT_CUP, 9671, IMGSPRINTCUP2012.ARC, [], [], 2012, True, None)",False,0
LIVERIE_c,14595,,14595,0x1452A,14595,12JAMIEMCMURRAYFIFTH,"BaseColour_c(0, 0, 180)",S_SCHEME_MARTINSVILLE,"DRIVER_c(1121, S_DRIVER_J_MCMURRAY, None, False, S_HT_JOPLIN, 129500675, True, JamieMcMurray, 131727617, True, False)",False,False,DLCPACKAGE_c(7581),5000,"WORLDSCRIPT_c(1669, 1670, S_WORLD_MARTINSVILLE, 12.0, 0.526, None, S_WORLD_LOC_MARTINSVILLE, None, None, False, 19, 39, 61000, 127665924, [], 19.875, None, S_HDRIVER_R_PETTY, S_HDRIVER_R_PETTY, S_DRIVER_J_JOHNSON, S_DRIVER_J_GORDON, False, S_TB_MARTINSVILLE, 11.0, 23.0, False, 22.616, 21.633, 20.649, 98.4, 82.223, 71, False, None, S_HDRIVER_R_PETTY, [], 20.785, 21.634, 22.634, 10.0, 29.0, 24.056, 22.856, 21.876, 20.954, 0.98, Martinsville)",False,"RACESERIES_c(9670, S_SERIES_SPRINT_CUP, 9671, IMGSPRINTCUP2012.ARC, [], [], 2012, True, None)",False,0
LIVERIE_c,14596,,14596,0x1456F,14596,12KEVINHARVICKSECOND,"BaseColour_c(0, 0, 180)",S_SCHEME_AUTOCLUB,"DRIVER_c(1108, S_DRIVER_K_HARVICK, None, False, S_HT_BAKERSFIELD, 129436680, True, RCR29KHarvick, 131793153, False, True)",False,False,DLCPACKAGE_c(7581),5000,"WORLDSCRIPT_c(1186, 1187, S_WORLD_FONTANA, 14.0, 2.0, None, S_WORLD_LOC_FONTANA, None, None, False, 5, 35, 92000, 130876949, [], 39.157, None, S_DRIVER_J_JOHNSON, S_DRIVER_J_JOHNSON, S_DRIVER_K_BUSCH_02, S_DRIVER_T_STEWART, False, S_TB_AUTOCLUB, 15.0, 26.0, False, 45.063, 43.104, 41.144, 188.245, 160.166, 60, False, None, S_DRIVER_J_JOHNSON, [], 40.735, 42.855, 43.837, 19.0, 33.0, 46.816, 45.521, 44.523, 42.655, 0.97, Auto Club)",False,"RACESERIES_c(9670, S_SERIES_SPRINT_CUP, 9671, IMGSPRINTCUP2012.ARC, [], [], 2012, True, None)",False,0
LIVERIE_c,14600,,14600,0x145B4,14600,12GREGBIFFLEFOURTH,"BaseColour_c(0, 0, 180)",S_SCHEME_NEWHAMPSHIRE,"DRIVER_c(1090, S_DRIVER_G_BIFFLE, None, False, S_HT_VANCOUVER, 129043479, True, gbiffle, 131727617, True, False)",False,False,DLCPACKAGE_c(7581),5000,None,False,"RACESERIES_c(9670, S_SERIES_SPRINT_CUP, 9671, IMGSPRINTCUP2012.ARC, [], [], 2012, True, None)",False,0
LIVERIE_c,14601,,14601,0x145F9,14601,12GREGBIFFLESECOND,"BaseColour_c(0, 0, 180)",S_LIV_NASCAR_UNITES,"DRIVER_c(1090, S_DRIVER_G_BIFFLE, None, False, S_HT_VANCOUVER, 129043479, True, gbiffle, 131727617, True, False)",False,False,DLCPACKAGE_c(7581),5000,None,False,"RACESERIES_c(9670, S_SERIES_SPRINT_CUP, 9671, IMGSPRINTCUP2012.ARC, [], [], 2012, True, None)",False,0
LIVERIE_c,14602,,14602,0x1463E,14602,12GREGBIFFLESEVENTH,"BaseColour_c(0, 0, 180)",S_SCHEME_KANSAS,"DRIVER_c(1090, S_DRIVER_G_BIFFLE, None, False, S_HT_VANCOUVER, 129043479, True, gbiffle, 131727617, True, False)",False,False,DLCPACKAGE_c(7581),5000,None,False,"RACESERIES_c(9670, S_SERIES_SPRINT_CUP, 9671, IMGSPRINTCUP2012.ARC, [], [], 2012, True, None)",False,0
LIVERIE_c,14603,,14603,0x14683,14603,12GREGBIFFLETHIRD,"BaseColour_c(0, 0, 180)",S_SCHEME_PHOENIX,"DRIVER_c(1090, S_DRIVER_G_BIFFLE, None, False, S_HT_VANCOUVER, 129043479, True, gbiffle, 131727617, True, False)",False,False,DLCPACKAGE_c(7581),5000,None,False,"RACESERIES_c(9670, S_SERIES_SPRINT_CUP, 9671, IMGSPRINTCUP2012.ARC, [], [], 2012, True, None)",False,0
LIVERIE_c,14604,,14604,0x146C8,14604,12MATTKENSETHFIFTH,"BaseColour_c(0, 0, 180)",S_LIV_NASCAR_UNITES,"DRIVER_c(1114, S_DRIVER_M_KENSETH, None, False, S_HT_CAMBRIGDGE, 129237770, True, mattkenseth, 131793153, True, False)",False,False,DLCPACKAGE_c(7581),5000,None,False,"RACESERIES_c(9670, S_SERIES_SPRINT_CUP, 9671, IMGSPRINTCUP2012.ARC, [], [], 2012, True, None)",False,0
LIVERIE_c,14605,,14605,0x1470D,14605,12KASEYKAHNESECOND,"BaseColour_c(0, 0, 180)",S_SCHEME_AUTOCLUB,"DRIVER_c(1113, S_DRIVER_K_KAHNE, None, False, S_HT_ENUMCLAW, 129762314, True, kaseykahne, 131793153, True, False)",False,False,DLCPACKAGE_c(7581),5000,"WORLDSCRIPT_c(1186, 1187, S_WORLD_FONTANA, 14.0, 2.0, None, S_WORLD_LOC_FONTANA, None, None, False, 5, 35, 92000, 130876949, [], 39.157, None, S_DRIVER_J_JOHNSON, S_DRIVER_J_JOHNSON, S_DRIVER_K_BUSCH_02, S_DRIVER_T_STEWART, False, S_TB_AUTOCLUB, 15.0, 26.0, False, 45.063, 43.104, 41.144, 188.245, 160.166, 60, False, None, S_DRIVER_J_JOHNSON, [], 40.735, 42.855, 43.837, 19.0, 33.0, 46.816, 45.521, 44.523, 42.655, 0.97, Auto Club)",False,"RACESERIES_c(9670, S_SERIES_SPRINT_CUP, 9671, IMGSPRINTCUP2012.ARC, [], [], 2012, True, None)",False,0
LIVERIE_c,14606,,14606,0x14752,14606,12KASEYKAHNETHIRD,"BaseColour_c(0, 0, 180)",S_SCHEME_MARTINSVILLE,"DRIVER_c(1113, S_DRIVER_K_KAHNE, None, False, S_HT_ENUMCLAW, 129762314, True, kaseykahne, 131793153, True, False)",False,False,DLCPACKAGE_c(7581),5000,"WORLDSCRIPT_c(1669, 1670, S_WORLD_MARTINSVILLE, 12.0, 0.526, None, S_WORLD_LOC_MARTINSVILLE, None, None, False, 19, 39, 61000, 127665924, [], 19.875, None, S_HDRIVER_R_PETTY, S_HDRIVER_R_PETTY, S_DRIVER_J_JOHNSON, S_DRIVER_J_GORDON, False, S_TB_MARTINSVILLE, 11.0, 23.0, False, 22.616, 21.633, 20.649, 98.4, 82.223, 71, False, None, S_HDRIVER_R_PETTY, [], 20.785, 21.634, 22.634, 10.0, 29.0, 24.056, 22.856, 21.876, 20.954, 0.98, Martinsville)",False,"RACESERIES_c(9670, S_SERIES_SPRINT_CUP, 9671, IMGSPRINTCUP2012.ARC, [], [], 2012, True, None)",False,0
LIVERIE_c,14611,,14611,0x14797,14611,12GREGBIFFLEFIFTH,"BaseColour_c(0, 0, 180)",S_SCHEME_CHIGAGO,"DRIVER_c(1090, S_DRIVER_G_BIFFLE, None, False, S_HT_VANCOUVER, 129043479, True, gbiffle, 131727617, True, False)",False,False,DLCPACKAGE_c(7581),5000,None,False,"RACESERIES_c(9670, S_SERIES_SPRINT_CUP, 9671, IMGSPRINTCUP2012.ARC, [], [], 2012, True, None)",False,0
LIVERIE_c,14612,,14612,0x147DC,14612,12ARICALMIROLASECOND,"BaseColour_c(0, 0, 180)",S_LIV_NASCAR_UNITES,"DRIVER_c(1084, S_DRIVER_A_ALMIROLA, None, False, S_HT_TAMPA, 130024206, True, aric_almirola, 129106177, True, False)",False,False,DLCPACKAGE_c(7581),5000,None,False,"RACESERIES_c(9670, S_SERIES_SPRINT_CUP, 9671, IMGSPRINTCUP2012.ARC, [], [], 2012, True, None)",False,0
LIVERIE_c,14617,,14617,0x14821,14617,12_TONYSTEWARTFOURTH,"BaseColour_c(0, 0, 180)",S_LIV_NASCAR_UNITES2,"DRIVER_c(1136, S_DRIVER_T_STEWART, None, False, S_HT_COLUMBUS, 129172756, True, tonystewart, 131793153, True, True)",False,False,DLCPACKAGE_c(7581),5000,None,False,"RACESERIES_c(9670, S_SERIES_SPRINT_CUP, 9671, IMGSPRINTCUP2012.ARC, [], [], 2012, True, None)",False,0
LIVERIE_c,14618,,14618,0x14866,14618,12_TONYSTEWARTTHIRD,"BaseColour_c(0, 0, 180)",S_LIV_NASCAR_UNITES1,"DRIVER_c(1136, S_DRIVER_T_STEWART, None, False, S_HT_COLUMBUS, 129172756, True, tonystewart, 131793153, True, True)",False,False,DLCPACKAGE_c(7581),5000,None,False,"RACESERIES_c(9670, S_SERIES_SPRINT_CUP, 9671, IMGSPRINTCUP2012.ARC, [], [], 2012, True, None)",False,0
LIVERIE_c,14619,,14619,0x148AB,14619,12_CLINTBOWYERTHIRD,"BaseColour_c(0, 0, 180)",S_LIV_NASCAR_UNITES,"DRIVER_c(1092, S_DRIVER_C_BOWYER, None, False, S_HT_EMPORIA, 129697054, True, ClintBowyer, 131727617, True, False)",False,False,DLCPACKAGE_c(7581),5000,None,False,"RACESERIES_c(9670, S_SERIES_SPRINT_CUP, 9671, IMGSPRINTCUP2012.ARC, [], [], 2012, True, None)",False,0
LIVERIE_c,14620,,14620,0x148F0,14620,12_MATTKENSETHSECOND,"BaseColour_c(0, 0, 180)",S_SCHEME_BRISTOL,"DRIVER_c(1114, S_DRIVER_M_KENSETH, None, False, S_HT_CAMBRIGDGE, 129237770, True, mattkenseth, 131793153, True, False)",False,False,DLCPACKAGE_c(7581),5000,None,False,"RACESERIES_c(9670, S_SERIES_SPRINT_CUP, 9671, IMGSPRINTCUP2012.ARC, [], [], 2012, True, None)",False,0
LIVERIE_c,14621,,14621,0x14935,14621,12_JAMIEMCMURRAYFOURTH,"BaseColour_c(0, 0, 180)",S_SCHEME_POCONO,"DRIVER_c(1121, S_DRIVER_J_MCMURRAY, None, False, S_HT_JOPLIN, 129500675, True, JamieMcMurray, 131727617, True, False)",False,False,DLCPACKAGE_c(7581),5000,None,False,"RACESERIES_c(9670, S_SERIES_SPRINT_CUP, 9671, IMGSPRINTCUP2012.ARC, [], [], 2012, True, None)",False,0
LIVERIE_c,14622,,14622,0x1497A,14622,12_JEFFGORDONFOURTH,"BaseColour_c(0, 0, 180)",S_LIV_NASCAR_UNITES,"DRIVER_c(1105, S_DRIVER_J_GORDON, None, False, S_HT_VALLEJO, 129173508, True, JeffGordonWeb, 131793153, True, True)",False,False,DLCPACKAGE_c(7581),5000,None,False,"RACESERIES_c(9670, S_SERIES_SPRINT_CUP, 9671, IMGSPRINTCUP2012.ARC, [], [], 2012, True, None)",False,0
LIVERIE_c,14624,,14624,0x149BF,14624,12_RYANNEWMANFIFTH,"BaseColour_c(0, 0, 180)",S_SCHEME_ALLSTAR,"DRIVER_c(1127, S_DRIVER_R_NEWMAN, None, False, S_HT_SOUTH_BEND, 129567752, True, RyanNewman39, 131793153, True, False)",False,False,DLCPACKAGE_c(7581),5000,None,False,"RACESERIES_c(9670, S_SERIES_SPRINT_CUP, 9671, IMGSPRINTCUP2012.ARC, [], [], 2012, True, None)",False,0
LIVERIE_c,14626,,14626,0x14A04,14626,12_RYANNEWMANSIXTH,"BaseColour_c(0, 0, 180)",S_SCHEME_PHOENIX,"DRIVER_c(1127, S_DRIVER_R_NEWMAN, None, False, S_HT_SOUTH_BEND, 129567752, True, RyanNewman39, 131793153, True, False)",False,False,DLCPACKAGE_c(7581),5000,"WORLDSCRIPT_c(1657, 1658, S_WORLD_PHOENIX, 11.0, 1.0, None, S_WORLD_LOC_PHOENIX, None, None, False, 22, 42, 67000, 130288390, [], 27.734, None, S_DRIVER_J_JOHNSON, S_DRIVER_J_JOHNSON, S_DRIVER_K_BUSCH_02, S_DRIVER_T_STEWART, False, S_TB_PHOENIX, 19.0, 35.0, False, 30.354, 29.035, 27.715, 138.766, 118.132, 74, False, None, S_DRIVER_M_MARTIN, [], 28.978, 30.334, 31.575, 23.0, 27.0, 33.589, 32.275, 30.956, 29.675, 0.97, Phoenix)",False,"RACESERIES_c(9670, S_SERIES_SPRINT_CUP, 9671, IMGSPRINTCUP2012.ARC, [], [], 2012, True, None)",False,0
LIVERIE_c,14627,,14627,0x14A49,14627,12_JIMMIEJOHNSONTHIRD,"BaseColour_c(0, 0, 180)",S_LIV_NASCAR_UNITES,"DRIVER_c(1111, S_DRIVER_J_JOHNSON, None, False, S_HT_EL_CAJON, 129435921, True, JimmieJohnson, 131793153, True, True)",False,False,DLCPACKAGE_c(7581),5000,None,False,"RACESERIES_c(9670, S_SERIES_SPRINT_CUP, 9671, IMGSPRINTCUP2012.ARC, [], [], 2012, True, None)",False,0
LIVERIE_c,14628,,14628,0x14A8E,14628,12_KASEYKAHNEFOURTH,"BaseColour_c(0, 0, 180)",S_LIV_NASCAR_UNITES,"DRIVER_c(1113, S_DRIVER_K_KAHNE, None, False, S_HT_ENUMCLAW, 129762314, True, kaseykahne, 131793153, True, False)",False,False,DLCPACKAGE_c(7581),5000,None,False,"RACESERIES_c(9670, S_SERIES_SPRINT_CUP, 9671, IMGSPRINTCUP2012.ARC, [], [], 2012, True, None)",False,0
LIVERIE_c,14629,,14629,0x14AD3,14629,12_CARLEDWARDSSECOND,"BaseColour_c(0, 0, 180)",S_SCHEME_VEGAS,"DRIVER_c(1101, S_DRIVER_C_EDWARDS, None, False, S_HT_COLUMBIA, 129697807, True, , 131793153, True, False)",False,False,DLCPACKAGE_c(7581),5000,"WORLDSCRIPT_c(2776, 2777, S_WORLD_LAS_VEGAS, 20.0, 1.5, None, S_WORLD_LOC_LAS_VEGAS, None, None, False, 18, 37, 142000, 130812675, [], 29.924, None, S_DRIVER_J_JOHNSON, S_TH_GORDON_MARTIN, S_DRIVER_K_KAHNE, S_DRIVER_M_MARTIN, False, S_TB_VEGAS, 12.0, 30.0, True, 32.906, 31.475, 30.045, 190.456, 146.554, 69, False, None, S_DRIVER_M_MARTIN, [], 30.945, 31.876, 32.987, 10.0, 35.0, 35.397, 34.123, 32.676, 31.676, 0.97, Las Vegas)",False,"RACESERIES_c(9670, S_SERIES_SPRINT_CUP, 9671, IMGSPRINTCUP2012.ARC, [], [], 2012, True, None)",False,0
LIVERIE_c,14630,,14630,0x14B18,14630,12_CARLEDWARDSSEVENTH,"BaseColour_c(0, 0, 180)",S_SCHEME_PHOENIX,"DRIVER_c(1101, S_DRIVER_C_EDWARDS, None, False, S_HT_COLUMBIA, 129697807, True, , 131793153, True, False)",False,False,DLCPACKAGE_c(7581),5000,"WORLDSCRIPT_c(1657, 1658, S_WORLD_PHOENIX, 11.0, 1.0, None, S_WORLD_LOC_PHOENIX, None, None, False, 22, 42, 67000, 130288390, [], 27.734, None, S_DRIVER_J_JOHNSON, S_DRIVER_J_JOHNSON, S_DRIVER_K_BUSCH_02, S_DRIVER_T_STEWART, False, S_TB_PHOENIX, 19.0, 35.0, False, 30.354, 29.035, 27.715, 138.766, 118.132, 74, False, None, S_DRIVER_M_MARTIN, [], 28.978, 30.334, 31.575, 23.0, 27.0, 33.589, 32.275, 30.956, 29.675, 0.97, Phoenix)",False,"RACESERIES_c(9670, S_SERIES_SPRINT_CUP, 9671, IMGSPRINTCUP2012.ARC, [], [], 2012, True, None)",False,0
LIVERIE_c,15640,,15640,0x14B5D,15640,12_DENNYHAMLINFIFTH,"BaseColour_c(0, 0, 180)",S_SCHEME_DARLINGTON,"DRIVER_c(1107, S_DRIVER_D_HAMLIN, None, False, S_HT_CHESTERFIELD, 129764114, True, dennyhamlin, 131793153, False, True)",False,False,DLCPACKAGE_c(7581),5000,"WORLDSCRIPT_c(1631, 1632, S_WORLD_DARLINGTON, 25.0, 1.366, None, S_WORLD_LOC_DARLINGTON, None, None, False, 9, 30, 68000, 127796243, [], 27.831, None, S_HDRIVER_D_PEARSON, S_HDRIVER_R_PETTY, S_DRIVER_K_BUSCH_01, S_DRIVER_M_KENSETH, False, S_TB_DARLINGTON, 20.0, 23.0, False, 31.354, 29.99, 28.627, 181.918, 141.383, 62, False, None, S_DRIVER_B_ELLIOT, [], 29.285, 30.821, 32.224, 19.0, 28.0, 34.178, 32.984, 31.875, 30.175, 0.99, Darlington)",False,"RACESERIES_c(9670, S_SERIES_SPRINT_CUP, 9671, IMGSPRINTCUP2012.ARC, [], [], 2012, True, None)",False,0
LIVERIE_c,15641,,15641,0x14BA2,15641,12_CLINTBOWYERSECOND,"BaseColour_c(0, 0, 180)",S_SCHEME_TALLADEGA,"DRIVER_c(1092, S_DRIVER_C_BOWYER, None, False, S_HT_EMPORIA, 129697054, True, ClintBowyer, 131727617, True, False)",False,False,DLCPACKAGE_c(7581),5000,"WORLDSCRIPT_c(1761, 1762, S_WORLD_TALLADEGA, 33.0, 2.66, None, S_WORLD_LOC_TALLADEGA, None, None, False, 26, 45, 143231, 129042701, [], 50.533112, None, S_HDRIVER_D_EARNHARDT, S_HDRIVER_D_EARNHARDT, S_DRIVER_B_ELLIOT, S_DRIVER_M_MARTIN, True, S_TB_TALLADAGA, 18.0, 27.0, False, 58.524, 55.979, 53.435, 212.809, 188.354, 77, False, None, S_HDRIVER_D_EARNHARDT, [], 51.650024, 57.116821, 59.249756, 16.0, 33.0, 62.333252, 59.416699, 56.633789, 51.43301, 0.99, Talladega)",False,"RACESERIES_c(9670, S_SERIES_SPRINT_CUP, 9671, IMGSPRINTCUP2012.ARC, [], [], 2012, True, None)",False,0
LIVERIE_c,15642,,15642,0x14BE7,15642,12_MATTKENSETHSEVENTH,"BaseColour_c(0, 0, 180)",S_SCHEME_MARTINSVILLE,"DRIVER_c(1114, S_DRIVER_M_KENSETH, None, False, S_HT_CAMBRIGDGE, 129237770, True, mattkenseth, 131793153, True, False)",False,False,DLCPACKAGE_c(7581),5000,"WORLDSCRIPT_c(1669, 1670, S_WORLD_MARTINSVILLE, 12.0, 0.526, None, S_WORLD_LOC_MARTINSVILLE, None, None, False, 19, 39, 61000, 127665924, [], 19.875, None, S_HDRIVER_R_PETTY, S_HDRIVER_R_PETTY, S_DRIVER_J_JOHNSON, S_DRIVER_J_GORDON, False, S_TB_MARTINSVILLE, 11.0, 23.0, False, 22.616, 21.633, 20.649, 98.4, 82.223, 71, False, None, S_HDRIVER_R_PETTY, [], 20.785, 21.634, 22.634, 10.0, 29.0, 24.056, 22.856, 21.876, 20.954, 0.98, Martinsville)",False,"RACESERIES_c(9670, S_SERIES_SPRINT_CUP, 9671, IMGSPRINTCUP2012.ARC, [], [], 2012, True, None)",False,0
LIVERIE_c,15643,,15643,0x14C2C,15643,12_MATTKENSETHSIXTH,"BaseColour_c(0, 0, 180)",S_SCHEME_CHARLOTTE,"DRIVER_c(1114, S_DRIVER_M_KENSETH, None, False, S_HT_CAMBRIGDGE, 129237770, True, mattkenseth, 131793153, True, False)",False,False,DLCPACKAGE_c(7581),5000,None,False,"RACESERIES_c(9670, S_SERIES_SPRINT_CUP, 9671, IMGSPRINTCUP2012.ARC, [], [], 2012, True, None)",False,0
LIVERIE_c,15644,,15644,0x14C71,15644,12_KYLEBUSCHFIFTH,"BaseColour_c(0, 0, 180)",S_SCHEME_MICHIGAN,"DRIVER_c(1096, S_DRIVER_K_BUSCH_02, None, False, S_HT_LAS_VEGAS, 130090242, True, kylebusch, 131793153, True, True)",False,False,DLCPACKAGE_c(7581),5000,None,False,"RACESERIES_c(9670, S_SERIES_SPRINT_CUP, 9671, IMGSPRINTCUP2012.ARC, [], [], 2012, True, None)",False,0
LIVERIE_c,15645,,15645,0x14CB6,15645,12_KYLEBUSCHTHIRD,"BaseColour_c(0, 0, 180)",S_LIV_NASCAR_UNITES,"DRIVER_c(1096, S_DRIVER_K_BUSCH_02, None, False, S_HT_LAS_VEGAS, 130090242, True, kylebusch, 131793153, True, True)",False,False,DLCPACKAGE_c(7581),5000,None,False,"RACESERIES_c(9670, S_SERIES_SPRINT_CUP, 9671, IMGSPRINTCUP2012.ARC, [], [], 2012, True, None)",False,0
LIVERIE_c,15646,,15646,0x14CFB,15646,12_JEFFBURTONSECOND,"BaseColour_c(0, 0, 180)",S_SCHEME_PHOENIX,"DRIVER_c(1094, S_DRIVER_J_BURTON, None, False, S_HT_SOUTH_BOSTON, 128910877, True, RCR31JeffBurton, 129106177, True, False)",False,False,DLCPACKAGE_c(7581),5000,"WORLDSCRIPT_c(1657, 1658, S_WORLD_PHOENIX, 11.0, 1.0, None, S_WORLD_LOC_PHOENIX, None, None, False, 22, 42, 67000, 130288390, [], 27.734, None, S_DRIVER_J_JOHNSON, S_DRIVER_J_JOHNSON, S_DRIVER_K_BUSCH_02, S_DRIVER_T_STEWART, False, S_TB_PHOENIX, 19.0, 35.0, False, 30.354, 29.035, 27.715, 138.766, 118.132, 74, False, None, S_DRIVER_M_MARTIN, [], 28.978, 30.334, 31.575, 23.0, 27.0, 33.589, 32.275, 30.956, 29.675, 0.97, Phoenix)",False,"RACESERIES_c(9670, S_SERIES_SPRINT_CUP, 9671, IMGSPRINTCUP2012.ARC, [], [], 2012, True, None)",False,0
LIVERIE_c,15647,,15647,0x14D40,15647,12_JEFFBURTONTHIRD,"BaseColour_c(0, 0, 180)",S_SCHEME_BRISTOL_SPRING,"DRIVER_c(1094, S_DRIVER_J_BURTON, None, False, S_HT_SOUTH_BOSTON, 128910877, True, RCR31JeffBurton, 129106177, True, False)",False,False,DLCPACKAGE_c(7581),5000,None,False,"RACESERIES_c(9670, S_SERIES_SPRINT_CUP, 9671, IMGSPRINTCUP2012.ARC, [], [], 2012, True, None)",False,0
LIVERIE_c,15648,,15648,0x14D85,15648,12_MONTOYATHIRD,"BaseColour_c(0, 0, 180)",S_LIV_NASCAR_UNITES,"DRIVER_c(1125, S_DRIVER_J_MONTOYA, None, False, S_HT_BOGOTA, 129435924, True, JPMontoya, 131727617, True, False)",False,False,DLCPACKAGE_c(7581),5000,None,False,"RACESERIES_c(9670, S_SERIES_SPRINT_CUP, 9671, IMGSPRINTCUP2012.ARC, [], [], 2012, True, None)",False,0
LIVERIE_c,15649,,15649,0x14DCA,15649,12_DALEJRFOURTH,"BaseColour_c(0, 0, 180)",S_LIV_NASCAR_UNITES,"DRIVER_c(1100, S_DRIVER_D_EARNHARDT_JR, None, False, S_HT_KANNAPOLIS, 129370634, True, , 129106177, True, True)",False,False,DLCPACKAGE_c(7581),5000,None,False,"RACESERIES_c(9670, S_SERIES_SPRINT_CUP, 9671, IMGSPRINTCUP2012.ARC, [], [], 2012, True, None)",False,0
LIVERIE_c,15650,,15650,0x14E0F,15650,12_CARLEDWARDSEIGHTH,"BaseColour_c(0, 0, 180)",S_SCHEME_RICHMOND,"DRIVER_c(1101, S_DRIVER_C_EDWARDS, None, False, S_HT_COLUMBIA, 129697807, True, , 131793153, True, False)",False,False,DLCPACKAGE_c(7581),5000,"WORLDSCRIPT_c(1635, 1636, S_WORLD_RICHMOND, 14.0, 0.75, None, S_WORLD_LOC_RICHMOND, None, None, False, 25, 44, 97912, 127992851, [], 21.556, None, S_HDRIVER_R_PETTY, S_HDRIVER_R_PETTY, S_DRIVER_M_KENSETH, S_HDRIVER_D_JARRET, False, S_TB_RICHMOND, 18.0, 23.0, False, 24.434, 23.372, 22.309, 130.334, 109.047, 76, False, None, S_HDRIVER_R_PETTY, [], 22.645, 23.232, 24.487, 16.0, 30.0, 25.984, 24.889, 23.976, 22.952, 0.98, Richmond)",False,"RACESERIES_c(9670, S_SERIES_SPRINT_CUP, 9671, IMGSPRINTCUP2012.ARC, [], [], 2012, True, None)",False,0
LIVERIE_c,15651,,15651,0x14E54,15651,12_CARLEDWARDSFIFTH,"BaseColour_c(0, 0, 180)",S_SCHEME_BRISTOL,"DRIVER_c(1101, S_DRIVER_C_EDWARDS, None, False, S_HT_COLUMBIA, 129697807, True, , 131793153, True, False)",False,False,DLCPACKAGE_c(7581),5000,"WORLDSCRIPT_c(1858, 1859, S_WORLD_BRISTOL, 30.0, 0.533, None, S_WORLD_LOC_BRISTOL, None, None, False, 4, 27, 160000, 128517918, [], 15.678, None, S_HDRIVER_D_WALTRIP, S_HDRIVER_PETTYWALTRIP, S_DRIVER_K_BUSCH_02, S_HDRIVER_C_GLOTZBACH, False, S_TB_BRISTOL, 22.0, 26.0, True, 17.871, 17.094, 16.317, 129.535, 101.074, 59, False, None, S_HDRIVER_R_PETTY, [], 16.542, 17.286, 18.134, 19.0, 22.0, 19.345, 18.523, 17.624, 16.765, 0.98, Bristol Night)",False,"RACESERIES_c(9670, S_SERIES_SPRINT_CUP, 9671, IMGSPRINTCUP2012.ARC, [], [], 2012, True, None)",False,0
LIVERIE_c,15652,,15652,0x14E99,15652,12_CARLEDWARDSFOURTH,"BaseColour_c(0, 0, 180)",S_SCHEME_POCONO,"DRIVER_c(1101, S_DRIVER_C_EDWARDS, None, False, S_HT_COLUMBIA, 129697807, True, , 131793153, True, False)",False,False,DLCPACKAGE_c(7581),5000,"WORLDSCRIPT_c(1211, 1212, S_WORLD_POCONO, 14.0, 2.5, None, S_WORLD_LOC_LONGP, None, None, False, 24, 43, 100000, 129370116, [], 52.350021, None, S_TH_ELLIOT_GORDON, S_DRIVER_M_MARTIN, S_DRIVER_J_LOGANO, S_DRIVER_J_JOHNSON, False, S_TB_POCONO, 15.0, 23.0, False, 61.067, 58.412, 55.757, 179.598, 144.202, 75, False, None, S_DRIVER_M_MARTIN, [], 53.116675, 56.900244, 59.233154, 13.0, 30.0, 61.216797, 60.133484, 58.250122, 55.616852, 0.97, Pocono)",False,"RACESERIES_c(9670, S_SERIES_SPRINT_CUP, 9671, IMGSPRINTCUP2012.ARC, [], [], 2012, True, None)",False,0
LIVERIE_c,15653,,15653,0x14EDE,15653,12_CARLEDWARDSSIXTH,"BaseColour_c(0, 0, 180)",S_SCHEME_KENTUCKY,"DRIVER_c(1101, S_DRIVER_C_EDWARDS, None, False, S_HT_COLUMBIA, 129697807, True, , 131793153, True, False)",False,False,DLCPACKAGE_c(7581),5000,None,False,"RACESERIES_c(9670, S_SERIES_SPRINT_CUP, 9671, IMGSPRINTCUP2012.ARC, [], [], 2012, True, None)",False,0
LIVERIE_c,15654,,15654,0x14F23,15654,12_CARLEDWARDSTHIRD,"BaseColour_c(0, 0, 180)",S_LIV_NASCAR_UNITES,"DRIVER_c(1101, S_DRIVER_C_EDWARDS, None, False, S_HT_COLUMBIA, 129697807, True, , 131793153, True, False)",False,False,DLCPACKAGE_c(7581),5000,None,False,"RACESERIES_c(9670, S_SERIES_SPRINT_CUP, 9671, IMGSPRINTCUP2012.ARC, [], [], 2012, True, None)",False,0
LIVERIE_c,15692,,15692,0x14F68,15692,12_PAULMENARDTHIRD,"BaseColour_c(0, 0, 180)",S_SCHEME_DAYTONA400,"DRIVER_c(1123, S_DRIVER_P_MENARD, None, False, S_HT_EAU_CLAIRE, 129763349, True, RCR27PMenard, 131793153, False, False)",False,False,DLCPACKAGE_c(7581),5000,None,False,"RACESERIES_c(9670, S_SERIES_SPRINT_CUP, 9671, IMGSPRINTCUP2012.ARC, [], [], 2012, True, None)",False,0
LIVERIE_c,15912,,15912,0x14FAD,15912,12_JIMMIEJOHNSONFOURTH,"BaseColour_c(0, 0, 180)",S_SCHEME_MARTINSVILLE,"DRIVER_c(1111, S_DRIVER_J_JOHNSON, None, False, S_HT_EL_CAJON, 129435921, True, JimmieJohnson, 131793153, True, True)",False,False,DLCPACKAGE_c(7581),5000,"WORLDSCRIPT_c(1669, 1670, S_WORLD_MARTINSVILLE, 12.0, 0.526, None, S_WORLD_LOC_MARTINSVILLE, None, None, False, 19, 39, 61000, 127665924, [], 19.875, None, S_HDRIVER_R_PETTY, S_HDRIVER_R_PETTY, S_DRIVER_J_JOHNSON, S_DRIVER_J_GORDON, False, S_TB_MARTINSVILLE, 11.0, 23.0, False, 22.616, 21.633, 20.649, 98.4, 82.223, 71, False, None, S_HDRIVER_R_PETTY, [], 20.785, 21.634, 22.634, 10.0, 29.0, 24.056, 22.856, 21.876, 20.954, 0.98, Martinsville)",False,"RACESERIES_c(9670, S_SERIES_SPRINT_CUP, 9671, IMGSPRINTCUP2012.ARC, [], [], 2012, True, None)",False,0
LIVERIE_c,15913,,15913,0x14FF2,15913,12_DANICAPATRICKROOKIE,"BaseColour_c(0, 0, 180)",S_ROOKIE,"DRIVER_c(5758, S_DRIVER_D_PATRICK, None, False, S_HT_BELOIT, 129893145, False, DanicaPatrick, 129106177, False, False)",False,False,DLCPACKAGE_c(7581),5000,None,True,"RACESERIES_c(9670, S_SERIES_SPRINT_CUP, 9671, IMGSPRINTCUP2012.ARC, [], [], 2012, True, None)",False,0
LIVERIE_c,15914,,15914,0x15037,15914,12_STENHOUSEROOKIE,"BaseColour_c(0, 0, 180)",S_ROOKIE,"DRIVER_c(7175, S_DRIVER_R_STENHOUSE_JR, None, False, S_STATE_MISSISSIPPI, 130222594, True, stenhousejr, 129106177, False, False)",False,False,DLCPACKAGE_c(7581),5000,None,True,"RACESERIES_c(9670, S_SERIES_SPRINT_CUP, 9671, IMGSPRINTCUP2012.ARC, [], [], 2012, True, None)",False,0
LIVERIE_c,15915,,15915,0x1507C,15915,12_ARICALMIROLAFIFTH,"BaseColour_c(0, 0, 180)",S_SCHEME_BRISTOL,"DRIVER_c(1084, S_DRIVER_A_ALMIROLA, None, False, S_HT_TAMPA, 130024206, True, aric_almirola, 129106177, True, False)",False,False,DLCPACKAGE_c(7581),5000,"WORLDSCRIPT_c(1858, 1859, S_WORLD_BRISTOL, 30.0, 0.533, None, S_WORLD_LOC_BRISTOL, None, None, False, 4, 27, 160000, 128517918, [], 15.678, None, S_HDRIVER_D_WALTRIP, S_HDRIVER_PETTYWALTRIP, S_DRIVER_K_BUSCH_02, S_HDRIVER_C_GLOTZBACH, False, S_TB_BRISTOL, 22.0, 26.0, True, 17.871, 17.094, 16.317, 129.535, 101.074, 59, False, None, S_HDRIVER_R_PETTY, [], 16.542, 17.286, 18.134, 19.0, 22.0, 19.345, 18.523, 17.624, 16.765, 0.98, Bristol Night)",False,"RACESERIES_c(9670, S_SERIES_SPRINT_CUP, 9671, IMGSPRINTCUP2012.ARC, [], [], 2012, True, None)",False,0
LIVERIE_c,15916,,15916,0x150C1,15916,12_JOEYLOGANOTHIRD,"BaseColour_c(0, 0, 180)",S_SCHEME_GAMESTOP,"DRIVER_c(1117, S_DRIVER_J_LOGANO, None, False, S_HT_MIDDLETOWN, 130417944, True, joeylogano, 129106177, True, False)",False,False,DLCPACKAGE_c(7581),5000,None,False,"RACESERIES_c(9670, S_SERIES_SPRINT_CUP, 9671, IMGSPRINTCUP2012.ARC, [], [], 2012, True, None)",False,0
LIVERIE_c,15917,,15917,0x15106,15917,12_JOSHWISEROOKIE,"BaseColour_c(0, 0, 180)",S_ROOKIE,"DRIVER_c(7174, S_DRIVER_J_WISE, None, False, S_STATE_CALIFORNIA, 129958407, True, Josh_Wise, 129106177, False, False)",False,False,DLCPACKAGE_c(7581),5000,None,True,"RACESERIES_c(9670, S_SERIES_SPRINT_CUP, 9671, IMGSPRINTCUP2012.ARC, [], [], 2012, True, None)",False,0
LIVERIE_c,17543,,17543,0x1514B,17543,12_AUSTINDILLON,"BaseColour_c(0, 0, 180)",S_SCHEME_MICHIGAN,"DRIVER_c(9663, S_DRIVER_A_DILLON, None, False, S_STATE_NORTH_CAROLINA, 130417691, True, austindillon3, 129106177, False, False)",False,False,DLCPACKAGE_c(7581),5000,None,False,"RACESERIES_c(9670, S_SERIES_SPRINT_CUP, 9671, IMGSPRINTCUP2012.ARC, [], [], 2012, True, None)",False,0
LIVERIE_c,18283,,18283,0x15190,18283,12_PAULMENARDSECOND,"BaseColour_c(0, 0, 180)",S_SCHEME_DAYTONA,"DRIVER_c(1123, S_DRIVER_P_MENARD, None, False, S_HT_EAU_CLAIRE, 129763349, True, RCR27PMenard, 131793153, False, False)",False,False,DLCPACKAGE_c(7581),5000,None,False,"RACESERIES_c(9670, S_SERIES_SPRINT_CUP, 9671, IMGSPRINTCUP2012.ARC, [], [], 2012, True, None)",False,0
LIVERIE_c,18293,,18293,0x151D5,18293,12_CARLEDWARDSNINTH,"BaseColour_c(0, 0, 180)",S_SCHEME_MICHIGAN,"DRIVER_c(1101, S_DRIVER_C_EDWARDS, None, False, S_HT_COLUMBIA, 129697807, True, , 131793153, True, False)",False,False,DLCPACKAGE_c(7581),5000,"WORLDSCRIPT_c(2526, 2527, S_WORLD_MICHIGAN, 18.0, 2.0, None, S_WORLD_LOC_MICHIGAN, None, None, False, 20, 40, 84000, 129041935, [], 36.445, None, S_HDRIVER_D_PEARSON, S_HDRIVER_C_YABOROUGH, S_DRIVER_M_AMBROSE, S_HDRIVER_D_JARRET, False, S_TB_MICHIGAN, 19.0, 25.0, False, 43.583, 41.688, 39.793, 203.241, 173.997, 72, False, None, S_DRIVER_M_MARTIN, [], 37.625, 38.962, 40.285, 17.0, 31.0, 42.634, 41.456, 40.333252, 37.934, 0.98, Michigan)",False,"RACESERIES_c(9670, S_SERIES_SPRINT_CUP, 9671, IMGSPRINTCUP2012.ARC, [], [], 2012, True, None)",False,0
LIVERIE_c,18294,,18294,0x1521A,18294,12_MONTOYAFOURTH,"BaseColour_c(0, 0, 180)",S_SCHEME_NEWHAMPSHIRE,"DRIVER_c(1125, S_DRIVER_J_MONTOYA, None, False, S_HT_BOGOTA, 129435924, True, JPMontoya, 131727617, True, False)",False,False,DLCPACKAGE_c(7581),5000,"WORLDSCRIPT_c(2630, 2631, S_WORLD_NEW_HAMPSHIRE, 7.0, 1.058, None, S_WORLD_LOC_LOUDON, None, None, False, 21, 41, 95491, 130418447, [], 29.516594, None, S_DRIVER_J_BURTON, S_DRIVER_J_GORDON, S_DRIVER_R_NEWMAN, S_DRIVER_J_BURTON, False, S_TB_NHAMPSHIRE, 18.0, 27.0, True, 33.098, 31.659, 30.22, 135.232, 117.134, 73, False, None, S_DRIVER_J_GORDON, [], 30.616608, 32.233307, 34.395, 17.0, 31.0, 36.446, 35.178, 33.134, 31.55011, 0.98, New Hampshire)",False,"RACESERIES_c(9670, S_SERIES_SPRINT_CUP, 9671, IMGSPRINTCUP2012.ARC, [], [], 2012, True, None)",False,0
LIVERIE_c,18351,,18351,0x1525F,18351,12_AUSTINDILLONROOKIE,"BaseColour_c(0, 0, 180)",S_LIV_PRIMARY,"DRIVER_c(9663, S_DRIVER_A_DILLON, None, False, S_STATE_NORTH_CAROLINA, 130417691, True, austindillon3, 129106177, False, False)",False,False,DLCPACKAGE_c(7581),5000,None,True,"RACESERIES_c(9670, S_SERIES_SPRINT_CUP, 9671, IMGSPRINTCUP2012.ARC, [], [], 2012, True, None)",False,0
LIVERIE_c,18769,,18769,0x152A4,18769,DLC_LIV_02_KESELOWSKI_2013,"BaseColour_c(106, 181, 0)",S_SCHEME_DAYTONA,"DRIVER_c(1115, S_DRIVER_B_KESELOWSKI, None, False, S_HT_ROCHESTERHILLS, 130023948, True, keselowski, 131793153, True, False)",False,False,DLCPACKAGE_c(7581),0,"WORLDSCRIPT_c(1180, 1181, S_WORLD_DAYTONA_BEACH, 31.0, 2.5, None, S_WORLD_LOC_DAYTONA_BEACH, None, None, False, 10, 31, 168000, 128385558, [], 47.816879, None, S_HDRIVER_R_PETTY, S_HDRIVER_R_PETTY, S_DRIVER_B_ELLIOT, S_HDRIVER_B_BAKER, False, S_TB_DAYTONA, 15.0, 22.0, False, 54.135, 51.781, 49.428, 210.364, 177.602, 63, False, None, S_HDRIVER_R_PETTY, [], 49.149963, 52.916748, 54.916748, 12.0, 27.0, 56.883789, 55.383667, 52.383545, 48.800073, 0.97, Daytona)",False,"RACESERIES_c(18306, S_SERIES_SPRINT_CUP, 18307, IMGSPRINTCUP2013.ARC, [], [], 2013, False, None)",False,0
LIVERIE_c,18770,,18770,0x152E9,18770,DLC_LIV_10_PATRICK_2013,"BaseColour_c(106, 181, 0)",S_SCHEME_DAYTONA,"DRIVER_c(5758, S_DRIVER_D_PATRICK, None, False, S_HT_BELOIT, 129893145, False, DanicaPatrick, 129106177, False, False)",False,False,DLCPACKAGE_c(7581),0,"WORLDSCRIPT_c(1180, 1181, S_WORLD_DAYTONA_BEACH, 31.0, 2.5, None, S_WORLD_LOC_DAYTONA_BEACH, None, None, False, 10, 31, 168000, 128385558, [], 47.816879, None, S_HDRIVER_R_PETTY, S_HDRIVER_R_PETTY, S_DRIVER_B_ELLIOT, S_HDRIVER_B_BAKER, False, S_TB_DAYTONA, 15.0, 22.0, False, 54.135, 51.781, 49.428, 210.364, 177.602, 63, False, None, S_HDRIVER_R_PETTY, [], 49.149963, 52.916748, 54.916748, 12.0, 27.0, 56.883789, 55.383667, 52.383545, 48.800073, 0.97, Daytona)",False,"RACESERIES_c(18306, S_SERIES_SPRINT_CUP, 18307, IMGSPRINTCUP2013.ARC, [], [], 2013, False, None)",False,0
LIVERIE_c,18771,,18771,0x1532E,18771,DLC_LIV_11_HAMLIN_2013,"BaseColour_c(106, 181, 0)",S_SCHEME_DAYTONA,"DRIVER_c(1107, S_DRIVER_D_HAMLIN, None, False, S_HT_CHESTERFIELD, 129764114, True, dennyhamlin, 131793153, False, True)",False,False,DLCPACKAGE_c(7581),0,"WORLDSCRIPT_c(1180, 1181, S_WORLD_DAYTONA_BEACH, 31.0, 2.5, None, S_WORLD_LOC_DAYTONA_BEACH, None, None, False, 10, 31, 168000, 128385558, [], 47.816879, None, S_HDRIVER_R_PETTY, S_HDRIVER_R_PETTY, S_DRIVER_B_ELLIOT, S_HDRIVER_B_BAKER, False, S_TB_DAYTONA, 15.0, 22.0, False, 54.135, 51.781, 49.428, 210.364, 177.602, 63, False, None, S_HDRIVER_R_PETTY, [], 49.149963, 52.916748, 54.916748, 12.0, 27.0, 56.883789, 55.383667, 52.383545, 48.800073, 0.97, Daytona)",False,"RACESERIES_c(18306, S_SERIES_SPRINT_CUP, 18307, IMGSPRINTCUP2013.ARC, [], [], 2013, False, None)",False,0
LIVERIE_c,18773,,18773,0x15373,18773,DLC_LIV_13_MEARS_2013,"BaseColour_c(106, 181, 0)",S_SCHEME_DAYTONA,"DRIVER_c(1124, S_DRIVER_C_MEARS, None, False, S_HT_BAKERSFIELD, 129630988, True, CaseyMears13, 129106177, False, False)",False,False,DLCPACKAGE_c(7581),0,"WORLDSCRIPT_c(1180, 1181, S_WORLD_DAYTONA_BEACH, 31.0, 2.5, None, S_WORLD_LOC_DAYTONA_BEACH, None, None, False, 10, 31, 168000, 128385558, [], 47.816879, None, S_HDRIVER_R_PETTY, S_HDRIVER_R_PETTY, S_DRIVER_B_ELLIOT, S_HDRIVER_B_BAKER, False, S_TB_DAYTONA, 15.0, 22.0, False, 54.135, 51.781, 49.428, 210.364, 177.602, 63, False, None, S_HDRIVER_R_PETTY, [], 49.149963, 52.916748, 54.916748, 12.0, 27.0, 56.883789, 55.383667, 52.383545, 48.800073, 0.97, Daytona)",False,"RACESERIES_c(18306, S_SERIES_SPRINT_CUP, 18307, IMGSPRINTCUP2013.ARC, [], [], 2013, False, None)",False,0
LIVERIE_c,18774,,18774,0x153B8,18774,DLC_LIV_14_STEWART_2013,"BaseColour_c(106, 181, 0)",S_SCHEME_DAYTONA,"DRIVER_c(1136, S_DRIVER_T_STEWART, None, False, S_HT_COLUMBUS, 129172756, True, tonystewart, 131793153, True, True)",False,False,DLCPACKAGE_c(7581),0,"WORLDSCRIPT_c(1180, 1181, S_WORLD_DAYTONA_BEACH, 31.0, 2.5, None, S_WORLD_LOC_DAYTONA_BEACH, None, None, False, 10, 31, 168000, 128385558, [], 47.816879, None, S_HDRIVER_R_PETTY, S_HDRIVER_R_PETTY, S_DRIVER_B_ELLIOT, S_HDRIVER_B_BAKER, False, S_TB_DAYTONA, 15.0, 22.0, False, 54.135, 51.781, 49.428, 210.364, 177.602, 63, False, None, S_HDRIVER_R_PETTY, [], 49.149963, 52.916748, 54.916748, 12.0, 27.0, 56.883789, 55.383667, 52.383545, 48.800073, 0.97, Daytona)",False,"RACESERIES_c(18306, S_SERIES_SPRINT_CUP, 18307, IMGSPRINTCUP2013.ARC, [], [], 2013, False, None)",False,0
LIVERIE_c,18775,,18775,0x153FD,18775,DLC_LIV_15_BOWYER_2013,"BaseColour_c(106, 181, 0)",S_SCHEME_DAYTONA,"DRIVER_c(1092, S_DRIVER_C_BOWYER, None, False, S_HT_EMPORIA, 129697054, True, ClintBowyer, 131727617, True, False)",False,False,DLCPACKAGE_c(7581),0,"WORLDSCRIPT_c(1180, 1181, S_WORLD_DAYTONA_BEACH, 31.0, 2.5, None, S_WORLD_LOC_DAYTONA_BEACH, None, None, False, 10, 31, 168000, 128385558, [], 47.816879, None, S_HDRIVER_R_PETTY, S_HDRIVER_R_PETTY, S_DRIVER_B_ELLIOT, S_HDRIVER_B_BAKER, False, S_TB_DAYTONA, 15.0, 22.0, False, 54.135, 51.781, 49.428, 210.364, 177.602, 63, False, None, S_HDRIVER_R_PETTY, [], 49.149963, 52.916748, 54.916748, 12.0, 27.0, 56.883789, 55.383667, 52.383545, 48.800073, 0.97, Daytona)",False,"RACESERIES_c(18306, S_SERIES_SPRINT_CUP, 18307, IMGSPRINTCUP2013.ARC, [], [], 2013, False, None)",False,0
LIVERIE_c,18776,,18776,0x15442,18776,DLC_LIV_16_BIFFLE_2013,"BaseColour_c(106, 181, 0)",S_SCHEME_DAYTONA,"DRIVER_c(1090, S_DRIVER_G_BIFFLE, None, False, S_HT_VANCOUVER, 129043479, True, gbiffle, 131727617, True, False)",False,False,DLCPACKAGE_c(7581),0,"WORLDSCRIPT_c(1180, 1181, S_WORLD_DAYTONA_BEACH, 31.0, 2.5, None, S_WORLD_LOC_DAYTONA_BEACH, None, None, False, 10, 31, 168000, 128385558, [], 47.816879, None, S_HDRIVER_R_PETTY, S_HDRIVER_R_PETTY, S_DRIVER_B_ELLIOT, S_HDRIVER_B_BAKER, False, S_TB_DAYTONA, 15.0, 22.0, False, 54.135, 51.781, 49.428, 210.364, 177.602, 63, False, None, S_HDRIVER_R_PETTY, [], 49.149963, 52.916748, 54.916748, 12.0, 27.0, 56.883789, 55.383667, 52.383545, 48.800073, 0.97, Daytona)",False,"RACESERIES_c(18306, S_SERIES_SPRINT_CUP, 18307, IMGSPRINTCUP2013.ARC, [], [], 2013, False, None)",False,0
LIVERIE_c,18778,,18778,0x15487,18778,DLC_LIV_18_BUSCH_2013,"BaseColour_c(106, 181, 0)",S_SCHEME_DAYTONA,"DRIVER_c(1096, S_DRIVER_K_BUSCH_02, None, False, S_HT_LAS_VEGAS, 130090242, True, kylebusch, 131793153, True, True)",False,False,DLCPACKAGE_c(7581),0,"WORLDSCRIPT_c(1180, 1181, S_WORLD_DAYTONA_BEACH, 31.0, 2.5, None, S_WORLD_LOC_DAYTONA_BEACH, None, None, False, 10, 31, 168000, 128385558, [], 47.816879, None, S_HDRIVER_R_PETTY, S_HDRIVER_R_PETTY, S_DRIVER_B_ELLIOT, S_HDRIVER_B_BAKER, False, S_TB_DAYTONA, 15.0, 22.0, False, 54.135, 51.781, 49.428, 210.364, 177.602, 63, False, None, S_HDRIVER_R_PETTY, [], 49.149963, 52.916748, 54.916748, 12.0, 27.0, 56.883789, 55.383667, 52.383545, 48.800073, 0.97, Daytona)",False,"RACESERIES_c(18306, S_SERIES_SPRINT_CUP, 18307, IMGSPRINTCUP2013.ARC, [], [], 2013, False, None)",False,0
LIVERIE_c,18779,,18779,0x154CC,18779,DLC_LIV_1_MCMURRAY_2013,"BaseColour_c(106, 181, 0)",S_SCHEME_DAYTONA,"DRIVER_c(1121, S_DRIVER_J_MCMURRAY, None, False, S_HT_JOPLIN, 129500675, True, JamieMcMurray, 131727617, True, False)",False,False,DLCPACKAGE_c(7581),0,"WORLDSCRIPT_c(1180, 1181, S_WORLD_DAYTONA_BEACH, 31.0, 2.5, None, S_WORLD_LOC_DAYTONA_BEACH, None, None, False, 10, 31, 168000, 128385558, [], 47.816879, None, S_HDRIVER_R_PETTY, S_HDRIVER_R_PETTY, S_DRIVER_B_ELLIOT, S_HDRIVER_B_BAKER, False, S_TB_DAYTONA, 15.0, 22.0, False, 54.135, 51.781, 49.428, 210.364, 177.602, 63, False, None, S_HDRIVER_R_PETTY, [], 49.149963, 52.916748, 54.916748, 12.0, 27.0, 56.883789, 55.383667, 52.383545, 48.800073, 0.97, Daytona)",False,"RACESERIES_c(18306, S_SERIES_SPRINT_CUP, 18307, IMGSPRINTCUP2013.ARC, [], [], 2013, False, None)",False,0
LIVERIE_c,18781,,18781,0x15511,18781,DLC_LIV_21_BAYNE_2013,"BaseColour_c(106, 181, 0)",S_SCHEME_DAYTONA,"DRIVER_c(5766, S_DRIVER_T_BAYNE, None, False, S_HT_KNOXVILLE, 130482707, True, tbayne21, 131793153, False, False)",False,False,DLCPACKAGE_c(7581),0,"WORLDSCRIPT_c(1180, 1181, S_WORLD_DAYTONA_BEACH, 31.0, 2.5, None, S_WORLD_LOC_DAYTONA_BEACH, None, None, False, 10, 31, 168000, 128385558, [], 47.816879, None, S_HDRIVER_R_PETTY, S_HDRIVER_R_PETTY, S_DRIVER_B_ELLIOT, S_HDRIVER_B_BAKER, False, S_TB_DAYTONA, 15.0, 22.0, False, 54.135, 51.781, 49.428, 210.364, 177.602, 63, False, None, S_HDRIVER_R_PETTY, [], 49.149963, 52.916748, 54.916748, 12.0, 27.0, 56.883789, 55.383667, 52.383545, 48.800073, 0.97, Daytona)",False,"RACESERIES_c(18306, S_SERIES_SPRINT_CUP, 18307, IMGSPRINTCUP2013.ARC, [], [], 2013, False, None)",False,0
LIVERIE_c,18782,,18782,0x15556,18782,DLC_LIV_24_GORDON_2013,"BaseColour_c(106, 181, 0)",S_SCHEME_DAYTONA,"DRIVER_c(1105, S_DRIVER_J_GORDON, None, False, S_HT_VALLEJO, 129173508, True, JeffGordonWeb, 131793153, True, True)",False,False,DLCPACKAGE_c(7581),0,"WORLDSCRIPT_c(1180, 1181, S_WORLD_DAYTONA_BEACH, 31.0, 2.5, None, S_WORLD_LOC_DAYTONA_BEACH, None, None, False, 10, 31, 168000, 128385558, [], 47.816879, None, S_HDRIVER_R_PETTY, S_HDRIVER_R_PETTY, S_DRIVER_B_ELLIOT, S_HDRIVER_B_BAKER, False, S_TB_DAYTONA, 15.0, 22.0, False, 54.135, 51.781, 49.428, 210.364, 177.602, 63, False, None, S_HDRIVER_R_PETTY, [], 49.149963, 52.916748, 54.916748, 12.0, 27.0, 56.883789, 55.383667, 52.383545, 48.800073, 0.97, Daytona)",False,"RACESERIES_c(18306, S_SERIES_SPRINT_CUP, 18307, IMGSPRINTCUP2013.ARC, [], [], 2013, False, None)",False,0
LIVERIE_c,18783,,18783,0x1559B,18783,DLC_LIV_26_WISE_2013,"BaseColour_c(106, 181, 0)",S_SCHEME_DAYTONA,"DRIVER_c(7174, S_DRIVER_J_WISE, None, False, S_STATE_CALIFORNIA, 129958407, True, Josh_Wise, 129106177, False, False)",False,False,DLCPACKAGE_c(7581),0,"WORLDSCRIPT_c(1180, 1181, S_WORLD_DAYTONA_BEACH, 31.0, 2.5, None, S_WORLD_LOC_DAYTONA_BEACH, None, None, False, 10, 31, 168000, 128385558, [], 47.816879, None, S_HDRIVER_R_PETTY, S_HDRIVER_R_PETTY, S_DRIVER_B_ELLIOT, S_HDRIVER_B_BAKER, False, S_TB_DAYTONA, 15.0, 22.0, False, 54.135, 51.781, 49.428, 210.364, 177.602, 63, False, None, S_HDRIVER_R_PETTY, [], 49.149963, 52.916748, 54.916748, 12.0, 27.0, 56.883789, 55.383667, 52.383545, 48.800073, 0.97, Daytona)",False,"RACESERIES_c(18306, S_SERIES_SPRINT_CUP, 18307, IMGSPRINTCUP2013.ARC, [], [], 2013, False, None)",False,0
LIVERIE_c,18784,,18784,0x155E0,18784,DLC_LIV_27_MENARD_2013,"BaseColour_c(106, 181, 0)",S_SCHEME_DAYTONA,"DRIVER_c(1123, S_DRIVER_P_MENARD, None, False, S_HT_EAU_CLAIRE, 129763349, True, RCR27PMenard, 131793153, False, False)",False,False,DLCPACKAGE_c(7581),0,"WORLDSCRIPT_c(1180, 1181, S_WORLD_DAYTONA_BEACH, 31.0, 2.5, None, S_WORLD_LOC_DAYTONA_BEACH, None, None, False, 10, 31, 168000, 128385558, [], 47.816879, None, S_HDRIVER_R_PETTY, S_HDRIVER_R_PETTY, S_DRIVER_B_ELLIOT, S_HDRIVER_B_BAKER, False, S_TB_DAYTONA, 15.0, 22.0, False, 54.135, 51.781, 49.428, 210.364, 177.602, 63, False, None, S_HDRIVER_R_PETTY, [], 49.149963, 52.916748, 54.916748, 12.0, 27.0, 56.883789, 55.383667, 52.383545, 48.800073, 0.97, Daytona)",False,"RACESERIES_c(18306, S_SERIES_SPRINT_CUP, 18307, IMGSPRINTCUP2013.ARC, [], [], 2013, False, None)",False,0
LIVERIE_c,18785,,18785,0x15625,18785,DLC_LIV_29_HARVICK_2013,"BaseColour_c(106, 181, 0)",S_SCHEME_DAYTONA,"DRIVER_c(1108, S_DRIVER_K_HARVICK, None, False, S_HT_BAKERSFIELD, 129436680, True, RCR29KHarvick, 131793153, False, True)",False,False,DLCPACKAGE_c(7581),0,"WORLDSCRIPT_c(1180, 1181, S_WORLD_DAYTONA_BEACH, 31.0, 2.5, None, S_WORLD_LOC_DAYTONA_BEACH, None, None, False, 10, 31, 168000, 128385558, [], 47.816879, None, S_HDRIVER_R_PETTY, S_HDRIVER_R_PETTY, S_DRIVER_B_ELLIOT, S_HDRIVER_B_BAKER, False, S_TB_DAYTONA, 15.0, 22.0, False, 54.135, 51.781, 49.428, 210.364, 177.602, 63, False, None, S_HDRIVER_R_PETTY, [], 49.149963, 52.916748, 54.916748, 12.0, 27.0, 56.883789, 55.383667, 52.383545, 48.800073, 0.97, Daytona)",False,"RACESERIES_c(18306, S_SERIES_SPRINT_CUP, 18307, IMGSPRINTCUP2013.ARC, [], [], 2013, False, None)",False,0
LIVERIE_c,18786,,18786,0x1566A,18786,DLC_LIV_30_STREMME_2013,"BaseColour_c(106, 181, 0)",S_SCHEME_DAYTONA,"DRIVER_c(1137, S_DRIVER_D_STREMME, None, False, S_HT_SOUTH_BEND, 131072257, True, DavidStremme, 129106177, False, False)",False,False,DLCPACKAGE_c(7581),0,"WORLDSCRIPT_c(1180, 1181, S_WORLD_DAYTONA_BEACH, 31.0, 2.5, None, S_WORLD_LOC_DAYTONA_BEACH, None, None, False, 10, 31, 168000, 128385558, [], 47.816879, None, S_HDRIVER_R_PETTY, S_HDRIVER_R_PETTY, S_DRIVER_B_ELLIOT, S_HDRIVER_B_BAKER, False, S_TB_DAYTONA, 15.0, 22.0, False, 54.135, 51.781, 49.428, 210.364, 177.602, 63, False, None, S_HDRIVER_R_PETTY, [], 49.149963, 52.916748, 54.916748, 12.0, 27.0, 56.883789, 55.383667, 52.383545, 48.800073, 0.97, Daytona)",False,"RACESERIES_c(18306, S_SERIES_SPRINT_CUP, 18307, IMGSPRINTCUP2013.ARC, [], [], 2013, False, None)",False,0
LIVERIE_c,18787,,18787,0x156AF,18787,DLC_LIV_31_BURTON_2013,"BaseColour_c(106, 181, 0)",S_SCHEME_DAYTONA,"DRIVER_c(1094, S_DRIVER_J_BURTON, None, False, S_HT_SOUTH_BOSTON, 128910877, True, RCR31JeffBurton, 129106177, True, False)",False,False,DLCPACKAGE_c(7581),0,"WORLDSCRIPT_c(1180, 1181, S_WORLD_DAYTONA_BEACH, 31.0, 2.5, None, S_WORLD_LOC_DAYTONA_BEACH, None, None, False, 10, 31, 168000, 128385558, [], 47.816879, None, S_HDRIVER_R_PETTY, S_HDRIVER_R_PETTY, S_DRIVER_B_ELLIOT, S_HDRIVER_B_BAKER, False, S_TB_DAYTONA, 15.0, 22.0, False, 54.135, 51.781, 49.428, 210.364, 177.602, 63, False, None, S_HDRIVER_R_PETTY, [], 49.149963, 52.916748, 54.916748, 12.0, 27.0, 56.883789, 55.383667, 52.383545, 48.800073, 0.97, Daytona)",False,"RACESERIES_c(18306, S_SERIES_SPRINT_CUP, 18307, IMGSPRINTCUP2013.ARC, [], [], 2013, False, None)",False,0
LIVERIE_c,18788,,18788,0x156F4,18788,DLC_LIV_33_DILLON_2013,"BaseColour_c(106, 181, 0)",S_SCHEME_DAYTONA,"DRIVER_c(9663, S_DRIVER_A_DILLON, None, False, S_STATE_NORTH_CAROLINA, 130417691, True, austindillon3, 129106177, False, False)",False,False,DLCPACKAGE_c(7581),0,"WORLDSCRIPT_c(1180, 1181, S_WORLD_DAYTONA_BEACH, 31.0, 2.5, None, S_WORLD_LOC_DAYTONA_BEACH, None, None, False, 10, 31, 168000, 128385558, [], 47.816879, None, S_HDRIVER_R_PETTY, S_HDRIVER_R_PETTY, S_DRIVER_B_ELLIOT, S_HDRIVER_B_BAKER, False, S_TB_DAYTONA, 15.0, 22.0, False, 54.135, 51.781, 49.428, 210.364, 177.602, 63, False, None, S_HDRIVER_R_PETTY, [], 49.149963, 52.916748, 54.916748, 12.0, 27.0, 56.883789, 55.383667, 52.383545, 48.800073, 0.97, Daytona)",False,"RACESERIES_c(18306, S_SERIES_SPRINT_CUP, 18307, IMGSPRINTCUP2013.ARC, [], [], 2013, False, None)",False,0
LIVERIE_c,18789,,18789,0x15739,18789,DLC_LIV_34_RAGAN_2013,"BaseColour_c(106, 181, 0)",S_SCHEME_DAYTONA,"DRIVER_c(1129, S_DRIVER_D_RAGAN, None, False, S_HT_UNADILLA, 130092056, True, DavidRagan, 131793153, True, False)",False,False,DLCPACKAGE_c(7581),0,"WORLDSCRIPT_c(1180, 1181, S_WORLD_DAYTONA_BEACH, 31.0, 2.5, None, S_WORLD_LOC_DAYTONA_BEACH, None, None, False, 10, 31, 168000, 128385558, [], 47.816879, None, S_HDRIVER_R_PETTY, S_HDRIVER_R_PETTY, S_DRIVER_B_ELLIOT, S_HDRIVER_B_BAKER, False, S_TB_DAYTONA, 15.0, 22.0, False, 54.135, 51.781, 49.428, 210.364, 177.602, 63, False, None, S_HDRIVER_R_PETTY, [], 49.149963, 52.916748, 54.916748, 12.0, 27.0, 56.883789, 55.383667, 52.383545, 48.800073, 0.97, Daytona)",False,"RACESERIES_c(18306, S_SERIES_SPRINT_CUP, 18307, IMGSPRINTCUP2013.ARC, [], [], 2013, False, None)",False,0
LIVERIE_c,18790,,18790,0x1577E,18790,DLC_LIV_7_BLANEY_2013,"BaseColour_c(106, 181, 0)",S_SCHEME_DAYTONA,"DRIVER_c(1091, S_DRIVER_D_BLANEY, None, False, S_HT_HARTFORD, 128584216, True, BuckeyeBullet10, 129106177, False, False)",False,False,DLCPACKAGE_c(7581),0,"WORLDSCRIPT_c(1180, 1181, S_WORLD_DAYTONA_BEACH, 31.0, 2.5, None, S_WORLD_LOC_DAYTONA_BEACH, None, None, False, 10, 31, 168000, 128385558, [], 47.816879, None, S_HDRIVER_R_PETTY, S_HDRIVER_R_PETTY, S_DRIVER_B_ELLIOT, S_HDRIVER_B_BAKER, False, S_TB_DAYTONA, 15.0, 22.0, False, 54.135, 51.781, 49.428, 210.364, 177.602, 63, False, None, S_HDRIVER_R_PETTY, [], 49.149963, 52.916748, 54.916748, 12.0, 27.0, 56.883789, 55.383667, 52.383545, 48.800073, 0.97, Daytona)",False,"RACESERIES_c(18306, S_SERIES_SPRINT_CUP, 18307, IMGSPRINTCUP2013.ARC, [], [], 2013, False, None)",False,0
LIVERIE_c,18791,,18791,0x157C3,18791,DLC_LIV_38_GILLILAND_2013,"BaseColour_c(106, 181, 0)",S_SCHEME_DAYTONA,"DRIVER_c(1104, S_DRIVER_D_GILLILAND, None, False, S_HT_RIVERSIDE, 129500161, True, DavidGilliland, 129106177, False, False)",False,False,DLCPACKAGE_c(7581),0,"WORLDSCRIPT_c(1180, 1181, S_WORLD_DAYTONA_BEACH, 31.0, 2.5, None, S_WORLD_LOC_DAYTONA_BEACH, None, None, False, 10, 31, 168000, 128385558, [], 47.816879, None, S_HDRIVER_R_PETTY, S_HDRIVER_R_PETTY, S_DRIVER_B_ELLIOT, S_HDRIVER_B_BAKER, False, S_TB_DAYTONA, 15.0, 22.0, False, 54.135, 51.781, 49.428, 210.364, 177.602, 63, False, None, S_HDRIVER_R_PETTY, [], 49.149963, 52.916748, 54.916748, 12.0, 27.0, 56.883789, 55.383667, 52.383545, 48.800073, 0.97, Daytona)",False,"RACESERIES_c(18306, S_SERIES_SPRINT_CUP, 18307, IMGSPRINTCUP2013.ARC, [], [], 2013, False, None)",False,0
LIVERIE_c,18792,,18792,0x15808,18792,DLC_LIV_39_NEWMAN_2013,"BaseColour_c(106, 181, 0)",S_SCHEME_DAYTONA,"DRIVER_c(1127, S_DRIVER_R_NEWMAN, None, False, S_HT_SOUTH_BEND, 129567752, True, RyanNewman39, 131793153, True, False)",False,False,DLCPACKAGE_c(7581),0,"WORLDSCRIPT_c(1180, 1181, S_WORLD_DAYTONA_BEACH, 31.0, 2.5, None, S_WORLD_LOC_DAYTONA_BEACH, None, None, False, 10, 31, 168000, 128385558, [], 47.816879, None, S_HDRIVER_R_PETTY, S_HDRIVER_R_PETTY, S_DRIVER_B_ELLIOT, S_HDRIVER_B_BAKER, False, S_TB_DAYTONA, 15.0, 22.0, False, 54.135, 51.781, 49.428, 210.364, 177.602, 63, False, None, S_HDRIVER_R_PETTY, [], 49.149963, 52.916748, 54.916748, 12.0, 27.0, 56.883789, 55.383667, 52.383545, 48.800073, 0.97, Daytona)",False,"RACESERIES_c(18306, S_SERIES_SPRINT_CUP, 18307, IMGSPRINTCUP2013.ARC, [], [], 2013, False, None)",False,0
LIVERIE_c,18793,,18793,0x1584D,18793,DLC_LIV_42_MONTOYA_2013,"BaseColour_c(106, 181, 0)",S_SCHEME_DAYTONA,"DRIVER_c(1125, S_DRIVER_J_MONTOYA, None, False, S_HT_BOGOTA, 129435924, True, JPMontoya, 131727617, True, False)",False,False,DLCPACKAGE_c(7581),0,"WORLDSCRIPT_c(1180, 1181, S_WORLD_DAYTONA_BEACH, 31.0, 2.5, None, S_WORLD_LOC_DAYTONA_BEACH, None, None, False, 10, 31, 168000, 128385558, [], 47.816879, None, S_HDRIVER_R_PETTY, S_HDRIVER_R_PETTY, S_DRIVER_B_ELLIOT, S_HDRIVER_B_BAKER, False, S_TB_DAYTONA, 15.0, 22.0, False, 54.135, 51.781, 49.428, 210.364, 177.602, 63, False, None, S_HDRIVER_R_PETTY, [], 49.149963, 52.916748, 54.916748, 12.0, 27.0, 56.883789, 55.383667, 52.383545, 48.800073, 0.97, Daytona)",False,"RACESERIES_c(18306, S_SERIES_SPRINT_CUP, 18307, IMGSPRINTCUP2013.ARC, [], [], 2013, False, None)",False,0
LIVERIE_c,18794,,18794,0x15892,18794,DLC_LIV_43_ALMIROLA_2013,"BaseColour_c(106, 181, 0)",S_SCHEME_DAYTONA,"DRIVER_c(1084, S_DRIVER_A_ALMIROLA, None, False, S_HT_TAMPA, 130024206, True, aric_almirola, 129106177, True, False)",False,False,DLCPACKAGE_c(7581),0,"WORLDSCRIPT_c(1180, 1181, S_WORLD_DAYTONA_BEACH, 31.0, 2.5, None, S_WORLD_LOC_DAYTONA_BEACH, None, None, False, 10, 31, 168000, 128385558, [], 47.816879, None, S_HDRIVER_R_PETTY, S_HDRIVER_R_PETTY, S_DRIVER_B_ELLIOT, S_HDRIVER_B_BAKER, False, S_TB_DAYTONA, 15.0, 22.0, False, 54.135, 51.781, 49.428, 210.364, 177.602, 63, False, None, S_HDRIVER_R_PETTY, [], 49.149963, 52.916748, 54.916748, 12.0, 27.0, 56.883789, 55.383667, 52.383545, 48.800073, 0.97, Daytona)",False,"RACESERIES_c(18306, S_SERIES_SPRINT_CUP, 18307, IMGSPRINTCUP2013.ARC, [], [], 2013, False, None)",False,0
LIVERIE_c,18795,,18795,0x158D7,18795,DLC_LIV_47_LABONTE_2013,"BaseColour_c(106, 181, 0)",S_SCHEME_DAYTONA,"DRIVER_c(1116, S_DRIVER_B_LABONTE, None, False, S_HT_C_CHRISTI, 128713992, True, Bobby_Labonte, 129106177, False, False)",False,False,DLCPACKAGE_c(7581),0,"WORLDSCRIPT_c(1180, 1181, S_WORLD_DAYTONA_BEACH, 31.0, 2.5, None, S_WORLD_LOC_DAYTONA_BEACH, None, None, False, 10, 31, 168000, 128385558, [], 47.816879, None, S_HDRIVER_R_PETTY, S_HDRIVER_R_PETTY, S_DRIVER_B_ELLIOT, S_HDRIVER_B_BAKER, False, S_TB_DAYTONA, 15.0, 22.0, False, 54.135, 51.781, 49.428, 210.364, 177.602, 63, False, None, S_HDRIVER_R_PETTY, [], 49.149963, 52.916748, 54.916748, 12.0, 27.0, 56.883789, 55.383667, 52.383545, 48.800073, 0.97, Daytona)",False,"RACESERIES_c(18306, S_SERIES_SPRINT_CUP, 18307, IMGSPRINTCUP2013.ARC, [], [], 2013, False, None)",False,0
LIVERIE_c,18796,,18796,0x1591C,18796,DLC_LIV_48_JOHNSON_2013,"BaseColour_c(106, 181, 0)",S_SCHEME_DAYTONA,"DRIVER_c(1111, S_DRIVER_J_JOHNSON, None, False, S_HT_EL_CAJON, 129435921, True, JimmieJohnson, 131793153, True, True)",False,False,DLCPACKAGE_c(7581),0,"WORLDSCRIPT_c(1180, 1181, S_WORLD_DAYTONA_BEACH, 31.0, 2.5, None, S_WORLD_LOC_DAYTONA_BEACH, None, None, False, 10, 31, 168000, 128385558, [], 47.816879, None, S_HDRIVER_R_PETTY, S_HDRIVER_R_PETTY, S_DRIVER_B_ELLIOT, S_HDRIVER_B_BAKER, False, S_TB_DAYTONA, 15.0, 22.0, False, 54.135, 51.781, 49.428, 210.364, 177.602, 63, False, None, S_HDRIVER_R_PETTY, [], 49.149963, 52.916748, 54.916748, 12.0, 27.0, 56.883789, 55.383667, 52.383545, 48.800073, 0.97, Daytona)",False,"RACESERIES_c(18306, S_SERIES_SPRINT_CUP, 18307, IMGSPRINTCUP2013.ARC, [], [], 2013, False, None)",False,0
LIVERIE_c,18798,,18798,0x15961,18798,DLC_LIV_55_MARTIN_2013,"BaseColour_c(106, 181, 0)",S_SCHEME_DAYTONA,"DRIVER_c(1119, S_DRIVER_M_MARTIN, None, False, S_HT_BATESVILLE, 128385289, True, 55MarkMartin, 131662081, True, True)",False,False,DLCPACKAGE_c(7581),0,"WORLDSCRIPT_c(1180, 1181, S_WORLD_DAYTONA_BEACH, 31.0, 2.5, None, S_WORLD_LOC_DAYTONA_BEACH, None, None, False, 10, 31, 168000, 128385558, [], 47.816879, None, S_HDRIVER_R_PETTY, S_HDRIVER_R_PETTY, S_DRIVER_B_ELLIOT, S_HDRIVER_B_BAKER, False, S_TB_DAYTONA, 15.0, 22.0, False, 54.135, 51.781, 49.428, 210.364, 177.602, 63, False, None, S_HDRIVER_R_PETTY, [], 49.149963, 52.916748, 54.916748, 12.0, 27.0, 56.883789, 55.383667, 52.383545, 48.800073, 0.97, Daytona)",False,"RACESERIES_c(18306, S_SERIES_SPRINT_CUP, 18307, IMGSPRINTCUP2013.ARC, [], [], 2013, False, None)",False,0
LIVERIE_c,18799,,18799,0x159A6,18799,DLC_LIV_56_TRUEX_JR_2013,"BaseColour_c(106, 181, 0)",S_SCHEME_DAYTONA,"DRIVER_c(1138, S_DRIVER_M_TRUEX_JR, None, False, S_HT_MAYETTA, 129762845, True, MartinTruexJr56, 129106177, True, False)",False,False,DLCPACKAGE_c(7581),0,"WORLDSCRIPT_c(1180, 1181, S_WORLD_DAYTONA_BEACH, 31.0, 2.5, None, S_WORLD_LOC_DAYTONA_BEACH, None, None, False, 10, 31, 168000, 128385558, [], 47.816879, None, S_HDRIVER_R_PETTY, S_HDRIVER_R_PETTY, S_DRIVER_B_ELLIOT, S_HDRIVER_B_BAKER, False, S_TB_DAYTONA, 15.0, 22.0, False, 54.135, 51.781, 49.428, 210.364, 177.602, 63, False, None, S_HDRIVER_R_PETTY, [], 49.149963, 52.916748, 54.916748, 12.0, 27.0, 56.883789, 55.383667, 52.383545, 48.800073, 0.97, Daytona)",False,"RACESERIES_c(18306, S_SERIES_SPRINT_CUP, 18307, IMGSPRINTCUP2013.ARC, [], [], 2013, False, None)",False,0
LIVERIE_c,18800,,18800,0x159EB,18800,DLC_LIV_5_KAHNE_2013,"BaseColour_c(106, 181, 0)",S_SCHEME_DAYTONA,"DRIVER_c(1113, S_DRIVER_K_KAHNE, None, False, S_HT_ENUMCLAW, 129762314, True, kaseykahne, 131793153, True, False)",False,False,DLCPACKAGE_c(7581),0,"WORLDSCRIPT_c(1180, 1181, S_WORLD_DAYTONA_BEACH, 31.0, 2.5, None, S_WORLD_LOC_DAYTONA_BEACH, None, None, False, 10, 31, 168000, 128385558, [], 47.816879, None, S_HDRIVER_R_PETTY, S_HDRIVER_R_PETTY, S_DRIVER_B_ELLIOT, S_HDRIVER_B_BAKER, False, S_TB_DAYTONA, 15.0, 22.0, False, 54.135, 51.781, 49.428, 210.364, 177.602, 63, False, None, S_HDRIVER_R_PETTY, [], 49.149963, 52.916748, 54.916748, 12.0, 27.0, 56.883789, 55.383667, 52.383545, 48.800073, 0.97, Daytona)",False,"RACESERIES_c(18306, S_SERIES_SPRINT_CUP, 18307, IMGSPRINTCUP2013.ARC, [], [], 2013, False, None)",False,0
LIVERIE_c,18803,,18803,0x15A30,18803,DLC_LIV_7_GORDON_2013,"BaseColour_c(106, 181, 0)",S_SCHEME_DAYTONA,"DRIVER_c(1106, S_DRIVER_R_GORDON, None, False, S_HT_CORNELIUS, 129040642, True, RobbyGordon, 129106177, False, False)",False,False,DLCPACKAGE_c(7581),0,"WORLDSCRIPT_c(1180, 1181, S_WORLD_DAYTONA_BEACH, 31.0, 2.5, None, S_WORLD_LOC_DAYTONA_BEACH, None, None, False, 10, 31, 168000, 128385558, [], 47.816879, None, S_HDRIVER_R_PETTY, S_HDRIVER_R_PETTY, S_DRIVER_B_ELLIOT, S_HDRIVER_B_BAKER, False, S_TB_DAYTONA, 15.0, 22.0, False, 54.135, 51.781, 49.428, 210.364, 177.602, 63, False, None, S_HDRIVER_R_PETTY, [], 49.149963, 52.916748, 54.916748, 12.0, 27.0, 56.883789, 55.383667, 52.383545, 48.800073, 0.97, Daytona)",False,"RACESERIES_c(18306, S_SERIES_SPRINT_CUP, 18307, IMGSPRINTCUP2013.ARC, [], [], 2013, False, None)",False,0
LIVERIE_c,18805,,18805,0x15A75,18805,DLC_LIV_87_NEMECHEK_2013,"BaseColour_c(106, 181, 0)",S_SCHEME_DAYTONA,"DRIVER_c(1126, S_DRIVER_J_NEMECHEK, None, False, S_HT_LAKELAND, 128649498, True, FrontRowJoe87, 129106177, False, False)",False,False,DLCPACKAGE_c(7581),0,"WORLDSCRIPT_c(1180, 1181, S_WORLD_DAYTONA_BEACH, 31.0, 2.5, None, S_WORLD_LOC_DAYTONA_BEACH, None, None, False, 10, 31, 168000, 128385558, [], 47.816879, None, S_HDRIVER_R_PETTY, S_HDRIVER_R_PETTY, S_DRIVER_B_ELLIOT, S_HDRIVER_B_BAKER, False, S_TB_DAYTONA, 15.0, 22.0, False, 54.135, 51.781, 49.428, 210.364, 177.602, 63, False, None, S_HDRIVER_R_PETTY, [], 49.149963, 52.916748, 54.916748, 12.0, 27.0, 56.883789, 55.383667, 52.383545, 48.800073, 0.97, Daytona)",False,"RACESERIES_c(18306, S_SERIES_SPRINT_CUP, 18307, IMGSPRINTCUP2013.ARC, [], [], 2013, False, None)",False,0
LIVERIE_c,18806,,18806,0x15ABA,18806,DLC_LIV_88_EARNHARDT_JR_2013,"BaseColour_c(106, 181, 0)",S_SCHEME_DAYTONA,"DRIVER_c(1100, S_DRIVER_D_EARNHARDT_JR, None, False, S_HT_KANNAPOLIS, 129370634, True, , 129106177, True, True)",False,False,DLCPACKAGE_c(7581),0,"WORLDSCRIPT_c(1180, 1181, S_WORLD_DAYTONA_BEACH, 31.0, 2.5, None, S_WORLD_LOC_DAYTONA_BEACH, None, None, False, 10, 31, 168000, 128385558, [], 47.816879, None, S_HDRIVER_R_PETTY, S_HDRIVER_R_PETTY, S_DRIVER_B_ELLIOT, S_HDRIVER_B_BAKER, False, S_TB_DAYTONA, 15.0, 22.0, False, 54.135, 51.781, 49.428, 210.364, 177.602, 63, False, None, S_HDRIVER_R_PETTY, [], 49.149963, 52.916748, 54.916748, 12.0, 27.0, 56.883789, 55.383667, 52.383545, 48.800073, 0.97, Daytona)",False,"RACESERIES_c(18306, S_SERIES_SPRINT_CUP, 18307, IMGSPRINTCUP2013.ARC, [], [], 2013, False, None)",False,0
LIVERIE_c,18807,,18807,0x15AFF,18807,DLC_LIV_93_KVAPIL_2013,"BaseColour_c(106, 181, 0)",S_SCHEME_DAYTONA,"DRIVER_c(2847, S_DRIVER_T_KVAPIL, None, False, S_HT_JANESVILLE, 129499905, True, TravisKvapil, 129106177, False, False)",False,False,DLCPACKAGE_c(7581),0,"WORLDSCRIPT_c(1180, 1181, S_WORLD_DAYTONA_BEACH, 31.0, 2.5, None, S_WORLD_LOC_DAYTONA_BEACH, None, None, False, 10, 31, 168000, 128385558, [], 47.816879, None, S_HDRIVER_R_PETTY, S_HDRIVER_R_PETTY, S_DRIVER_B_ELLIOT, S_HDRIVER_B_BAKER, False, S_TB_DAYTONA, 15.0, 22.0, False, 54.135, 51.781, 49.428, 210.364, 177.602, 63, False, None, S_HDRIVER_R_PETTY, [], 49.149963, 52.916748, 54.916748, 12.0, 27.0, 56.883789, 55.383667, 52.383545, 48.800073, 0.97, Daytona)",False,"RACESERIES_c(18306, S_SERIES_SPRINT_CUP, 18307, IMGSPRINTCUP2013.ARC, [], [], 2013, False, None)",False,0
LIVERIE_c,18808,,18808,0x15B44,18808,DLC_LIV_95_SPEED_2013,"BaseColour_c(106, 181, 0)",S_SCHEME_DAYTONA,"DRIVER_c(1415, S_DRIVER_S_SPEED, None, False, S_HT_MANTECA, 129958168, True, scottspeed, 129106177, False, False)",False,False,DLCPACKAGE_c(7581),0,"WORLDSCRIPT_c(1180, 1181, S_WORLD_DAYTONA_BEACH, 31.0, 2.5, None, S_WORLD_LOC_DAYTONA_BEACH, None, None, False, 10, 31, 168000, 128385558, [], 47.816879, None, S_HDRIVER_R_PETTY, S_HDRIVER_R_PETTY, S_DRIVER_B_ELLIOT, S_HDRIVER_B_BAKER, False, S_TB_DAYTONA, 15.0, 22.0, False, 54.135, 51.781, 49.428, 210.364, 177.602, 63, False, None, S_HDRIVER_R_PETTY, [], 49.149963, 52.916748, 54.916748, 12.0, 27.0, 56.883789, 55.383667, 52.383545, 48.800073, 0.97, Daytona)",False,"RACESERIES_c(18306, S_SERIES_SPRINT_CUP, 18307, IMGSPRINTCUP2013.ARC, [], [], 2013, False, None)",False,0
LIVERIE_c,18809,,18809,0x15B89,18809,DLC_LIV_98_MCDOWELL_2013,"BaseColour_c(106, 181, 0)",S_SCHEME_DAYTONA,"DRIVER_c(1400, S_DRIVER_M_MCDOWELL, None, False, S_HT_GLENDALE, 130026517, True, Mc_Driver, 129106177, False, False)",False,False,DLCPACKAGE_c(7581),0,"WORLDSCRIPT_c(1180, 1181, S_WORLD_DAYTONA_BEACH, 31.0, 2.5, None, S_WORLD_LOC_DAYTONA_BEACH, None, None, False, 10, 31, 168000, 128385558, [], 47.816879, None, S_HDRIVER_R_PETTY, S_HDRIVER_R_PETTY, S_DRIVER_B_ELLIOT, S_HDRIVER_B_BAKER, False, S_TB_DAYTONA, 15.0, 22.0, False, 54.135, 51.781, 49.428, 210.364, 177.602, 63, False, None, S_HDRIVER_R_PETTY, [], 49.149963, 52.916748, 54.916748, 12.0, 27.0, 56.883789, 55.383667, 52.383545, 48.800073, 0.97, Daytona)",False,"RACESERIES_c(18306, S_SERIES_SPRINT_CUP, 18307, IMGSPRINTCUP2013.ARC, [], [], 2013, False, None)",False,0
LIVERIE_c,18810,,18810,0x15BCE,18810,DLC_LIV_99_EDWARDS_2013,"BaseColour_c(106, 181, 0)",S_SCHEME_DAYTONA,"DRIVER_c(1101, S_DRIVER_C_EDWARDS, None, False, S_HT_COLUMBIA, 129697807, True, , 131793153, True, False)",False,False,DLCPACKAGE_c(7581),0,"WORLDSCRIPT_c(1180, 1181, S_WORLD_DAYTONA_BEACH, 31.0, 2.5, None, S_WORLD_LOC_DAYTONA_BEACH, None, None, False, 10, 31, 168000, 128385558, [], 47.816879, None, S_HDRIVER_R_PETTY, S_HDRIVER_R_PETTY, S_DRIVER_B_ELLIOT, S_HDRIVER_B_BAKER, False, S_TB_DAYTONA, 15.0, 22.0, False, 54.135, 51.781, 49.428, 210.364, 177.602, 63, False, None, S_HDRIVER_R_PETTY, [], 49.149963, 52.916748, 54.916748, 12.0, 27.0, 56.883789, 55.383667, 52.383545, 48.800073, 0.97, Daytona)",False,"RACESERIES_c(18306, S_SERIES_SPRINT_CUP, 18307, IMGSPRINTCUP2013.ARC, [], [], 2013, False, None)",False,0
LIVERIE_c,18811,,18811,0x15C13,18811,DLC_LIV_9_AMBROSE_2013,"BaseColour_c(106, 181, 0)",S_SCHEME_DAYTONA,"DRIVER_c(1085, S_DRIVER_M_AMBROSE, None, False, S_HT_LAUNCESTON, 129501441, True, MarcosAmbrose, 129106177, True, False)",False,False,DLCPACKAGE_c(7581),0,"WORLDSCRIPT_c(1180, 1181, S_WORLD_DAYTONA_BEACH, 31.0, 2.5, None, S_WORLD_LOC_DAYTONA_BEACH, None, None, False, 10, 31, 168000, 128385558, [], 47.816879, None, S_HDRIVER_R_PETTY, S_HDRIVER_R_PETTY, S_DRIVER_B_ELLIOT, S_HDRIVER_B_BAKER, False, S_TB_DAYTONA, 15.0, 22.0, False, 54.135, 51.781, 49.428, 210.364, 177.602, 63, False, None, S_HDRIVER_R_PETTY, [], 49.149963, 52.916748, 54.916748, 12.0, 27.0, 56.883789, 55.383667, 52.383545, 48.800073, 0.97, Daytona)",False,"RACESERIES_c(18306, S_SERIES_SPRINT_CUP, 18307, IMGSPRINTCUP2013.ARC, [], [], 2013, False, None)",False,0
LIVERIE_c,21908,,21908,0x15C58,21908,TELEMETRYCHEVROLET2013,"BaseColour_c(0, 0, 180)",S_LIV_PRIMARY,"DRIVER_c(12601, S_DRIVER_TITLE, None, True, , 131072257, True, , 129106177, False, False)",False,False,DLCPACKAGE_c(18812),0,None,False,"RACESERIES_c(18306, S_SERIES_SPRINT_CUP, 18307, IMGSPRINTCUP2013.ARC, [], [], 2013, False, None)",False,0
LIVERIE_c,21909,,21909,0x15C9D,21909,TELEMETRYFORD2013,"BaseColour_c(0, 0, 180)",S_LIV_PRIMARY,"DRIVER_c(12609, S_DRIVER_TITLE, None, True, , 131072257, True, , 129106177, False, False)",False,False,DLCPACKAGE_c(18812),0,None,False,"RACESERIES_c(18306, S_SERIES_SPRINT_CUP, 18307, IMGSPRINTCUP2013.ARC, [], [], 2013, False, None)",False,0
LIVERIE_c,21910,,21910,0x15CE2,21910,TELEMETRYTOYOTA2013,"BaseColour_c(0, 0, 180)",S_LIV_PRIMARY,"DRIVER_c(12610, S_DRIVER_TITLE, None, True, , 131072257, True, , 129106177, False, False)",False,False,DLCPACKAGE_c(18812),0,None,False,"RACESERIES_c(18306, S_SERIES_SPRINT_CUP, 18307, IMGSPRINTCUP2013.ARC, [], [], 2013, False, None)",False,0
LIVERIE_c,21911,,21911,0x15D27,21911,TELEMETRYDODGE2013,"BaseColour_c(0, 0, 180)",S_LIV_PRIMARY,"DRIVER_c(12608, S_DRIVER_TITLE, None, True, , 131072257, True, , 129106177, False, False)",False,False,DLCPACKAGE_c(18812),0,None,False,"RACESERIES_c(18306, S_SERIES_SPRINT_CUP, 18307, IMGSPRINTCUP2013.ARC, [], [], 2013, False, None)",False,0
LIVERIE_c,21943,,21943,0x15D6C,21943,DLC_LIV_17_STENHOUSE_JR_2013,"BaseColour_c(106, 181, 0)",S_SCHEME_DAYTONA,"DRIVER_c(7175, S_DRIVER_R_STENHOUSE_JR, None, False, S_STATE_MISSISSIPPI, 130222594, True, stenhousejr, 129106177, False, False)",False,False,DLCPACKAGE_c(7581),0,"WORLDSCRIPT_c(1180, 1181, S_WORLD_DAYTONA_BEACH, 31.0, 2.5, None, S_WORLD_LOC_DAYTONA_BEACH, None, None, False, 10, 31, 168000, 128385558, [], 47.816879, None, S_HDRIVER_R_PETTY, S_HDRIVER_R_PETTY, S_DRIVER_B_ELLIOT, S_HDRIVER_B_BAKER, False, S_TB_DAYTONA, 15.0, 22.0, False, 54.135, 51.781, 49.428, 210.364, 177.602, 63, False, None, S_HDRIVER_R_PETTY, [], 49.149963, 52.916748, 54.916748, 12.0, 27.0, 56.883789, 55.383667, 52.383545, 48.800073, 0.97, Daytona)",False,"RACESERIES_c(18306, S_SERIES_SPRINT_CUP, 18307, IMGSPRINTCUP2013.ARC, [], [], 2013, False, None)",False,0
LIVERIE_c,21944,,21944,0x15DB1,21944,DLC_LIV_20_KENSETH_2013,"BaseColour_c(106, 181, 0)",S_SCHEME_DAYTONA,"DRIVER_c(1114, S_DRIVER_M_KENSETH, None, False, S_HT_CAMBRIGDGE, 129237770, True, mattkenseth, 131793153, True, False)",False,False,DLCPACKAGE_c(7581),0,"WORLDSCRIPT_c(1180, 1181, S_WORLD_DAYTONA_BEACH, 31.0, 2.5, None, S_WORLD_LOC_DAYTONA_BEACH, None, None, False, 10, 31, 168000, 128385558, [], 47.816879, None, S_HDRIVER_R_PETTY, S_HDRIVER_R_PETTY, S_DRIVER_B_ELLIOT, S_HDRIVER_B_BAKER, False, S_TB_DAYTONA, 15.0, 22.0, False, 54.135, 51.781, 49.428, 210.364, 177.602, 63, False, None, S_HDRIVER_R_PETTY, [], 49.149963, 52.916748, 54.916748, 12.0, 27.0, 56.883789, 55.383667, 52.383545, 48.800073, 0.97, Daytona)",False,"RACESERIES_c(18306, S_SERIES_SPRINT_CUP, 18307, IMGSPRINTCUP2013.ARC, [], [], 2013, False, None)",False,0
LIVERIE_c,21945,,21945,0x15DF6,21945,DLC_LIV_22_LOGANO_2013,"BaseColour_c(106, 181, 0)",S_SCHEME_DAYTONA,"DRIVER_c(1117, S_DRIVER_J_LOGANO, None, False, S_HT_MIDDLETOWN, 130417944, True, joeylogano, 129106177, True, False)",False,False,DLCPACKAGE_c(7581),0,"WORLDSCRIPT_c(1180, 1181, S_WORLD_DAYTONA_BEACH, 31.0, 2.5, None, S_WORLD_LOC_DAYTONA_BEACH, None, None, False, 10, 31, 168000, 128385558, [], 47.816879, None, S_HDRIVER_R_PETTY, S_HDRIVER_R_PETTY, S_DRIVER_B_ELLIOT, S_HDRIVER_B_BAKER, False, S_TB_DAYTONA, 15.0, 22.0, False, 54.135, 51.781, 49.428, 210.364, 177.602, 63, False, None, S_HDRIVER_R_PETTY, [], 49.149963, 52.916748, 54.916748, 12.0, 27.0, 56.883789, 55.383667, 52.383545, 48.800073, 0.97, Daytona)",False,"RACESERIES_c(18306, S_SERIES_SPRINT_CUP, 18307, IMGSPRINTCUP2013.ARC, [], [], 2013, False, None)",False,0
LIVERIE_c,21946,,21946,0x15E3B,21946,DLC_LIV_51_SMITH_2013,"BaseColour_c(106, 181, 0)",S_SCHEME_DAYTONA,"DRIVER_c(1134, S_DRIVER_R_SMITH, None, False, S_HT_CATO, 129960215, True, Regan_Smith_, 131793153, False, False)",False,False,DLCPACKAGE_c(7581),0,"WORLDSCRIPT_c(1180, 1181, S_WORLD_DAYTONA_BEACH, 31.0, 2.5, None, S_WORLD_LOC_DAYTONA_BEACH, None, None, False, 10, 31, 168000, 128385558, [], 47.816879, None, S_HDRIVER_R_PETTY, S_HDRIVER_R_PETTY, S_DRIVER_B_ELLIOT, S_HDRIVER_B_BAKER, False, S_TB_DAYTONA, 15.0, 22.0, False, 54.135, 51.781, 49.428, 210.364, 177.602, 63, False, None, S_HDRIVER_R_PETTY, [], 49.149963, 52.916748, 54.916748, 12.0, 27.0, 56.883789, 55.383667, 52.383545, 48.800073, 0.97, Daytona)",False,"RACESERIES_c(18306, S_SERIES_SPRINT_CUP, 18307, IMGSPRINTCUP2013.ARC, [], [], 2013, False, None)",False,0
LIVERIE_c,21947,,21947,0x15E80,21947,DLC_LIV_6_PASTRANA_2013,"BaseColour_c(106, 181, 0)",S_SCHEME_DAYTONA,"DRIVER_c(21846, S_DRIVER_T_PASTRANA, None, False, S_BLANK, 129960712, True, , 129106177, False, False)",False,False,DLCPACKAGE_c(7581),0,"WORLDSCRIPT_c(1180, 1181, S_WORLD_DAYTONA_BEACH, 31.0, 2.5, None, S_WORLD_LOC_DAYTONA_BEACH, None, None, False, 10, 31, 168000, 128385558, [], 47.816879, None, S_HDRIVER_R_PETTY, S_HDRIVER_R_PETTY, S_DRIVER_B_ELLIOT, S_HDRIVER_B_BAKER, False, S_TB_DAYTONA, 15.0, 22.0, False, 54.135, 51.781, 49.428, 210.364, 177.602, 63, False, None, S_HDRIVER_R_PETTY, [], 49.149963, 52.916748, 54.916748, 12.0, 27.0, 56.883789, 55.383667, 52.383545, 48.800073, 0.97, Daytona)",False,"RACESERIES_c(18306, S_SERIES_SPRINT_CUP, 18307, IMGSPRINTCUP2013.ARC, [], [], 2013, False, None)",False,0
LIVERIE_c,21948,,21948,0x15EC5,21948,DLC_LIV_78_BUSCH_2013,"BaseColour_c(106, 181, 0)",S_SCHEME_DAYTONA,"DRIVER_c(1095, S_DRIVER_K_BUSCH_01, None, False, S_HT_LAS_VEGAS, 129632260, True, kurtbusch, 131793153, True, True)",False,False,DLCPACKAGE_c(7581),0,"WORLDSCRIPT_c(1180, 1181, S_WORLD_DAYTONA_BEACH, 31.0, 2.5, None, S_WORLD_LOC_DAYTONA_BEACH, None, None, False, 10, 31, 168000, 128385558, [], 47.816879, None, S_HDRIVER_R_PETTY, S_HDRIVER_R_PETTY, S_DRIVER_B_ELLIOT, S_HDRIVER_B_BAKER, False, S_TB_DAYTONA, 15.0, 22.0, False, 54.135, 51.781, 49.428, 210.364, 177.602, 63, False, None, S_HDRIVER_R_PETTY, [], 49.149963, 52.916748, 54.916748, 12.0, 27.0, 56.883789, 55.383667, 52.383545, 48.800073, 0.97, Daytona)",False,"RACESERIES_c(18306, S_SERIES_SPRINT_CUP, 18307, IMGSPRINTCUP2013.ARC, [], [], 2013, False, None)",False,0
LIVERIE_c,21949,,21949,0x15F0A,21949,DLC_LIV_83_REUTIMANN_2013,"BaseColour_c(106, 181, 0)",S_SCHEME_DAYTONA,"DRIVER_c(1131, S_DRIVER_D_REUTIMANN, None, False, S_HT_ZEPHYRHILLS, 129106690, True, , 131727617, True, False)",False,False,DLCPACKAGE_c(7581),0,"WORLDSCRIPT_c(1180, 1181, S_WORLD_DAYTONA_BEACH, 31.0, 2.5, None, S_WORLD_LOC_DAYTONA_BEACH, None, None, False, 10, 31, 168000, 128385558, [], 47.816879, None, S_HDRIVER_R_PETTY, S_HDRIVER_R_PETTY, S_DRIVER_B_ELLIOT, S_HDRIVER_B_BAKER, False, S_TB_DAYTONA, 15.0, 22.0, False, 54.135, 51.781, 49.428, 210.364, 177.602, 63, False, None, S_HDRIVER_R_PETTY, [], 49.149963, 52.916748, 54.916748, 12.0, 27.0, 56.883789, 55.383667, 52.383545, 48.800073, 0.97, Daytona)",False,"RACESERIES_c(18306, S_SERIES_SPRINT_CUP, 18307, IMGSPRINTCUP2013.ARC, [], [], 2013, False, None)",False,0
LIVERIE_c,21966,,21966,0x15F4F,21966,DLC_2013_BLANK_CHEVY,"BaseColour_c(106, 181, 0)",S_SCHEME_DAYTONA,None,True,False,DLCPACKAGE_c(7581),0,None,False,"RACESERIES_c(18306, S_SERIES_SPRINT_CUP, 18307, IMGSPRINTCUP2013.ARC, [], [], 2013, False, None)",False,0
LIVERIE_c,21967,,21967,0x15F94,21967,DLC_2013_BLANK_DODGE,"BaseColour_c(106, 181, 0)",S_SCHEME_DAYTONA,None,False,False,DLCPACKAGE_c(7581),0,None,False,"RACESERIES_c(18306, S_SERIES_SPRINT_CUP, 18307, IMGSPRINTCUP2013.ARC, [], [], 2013, False, None)",False,0
LIVERIE_c,21969,,21969,0x15FD9,21969,DLC_2013_BLANK_FORD,"BaseColour_c(106, 181, 0)",S_SCHEME_DAYTONA,None,False,False,DLCPACKAGE_c(7581),0,None,False,"RACESERIES_c(18306, S_SERIES_SPRINT_CUP, 18307, IMGSPRINTCUP2013.ARC, [], [], 2013, False, None)",False,0
LIVERIE_c,21970,,21970,0x1601E,21970,DLC_2013_BLANK_TOYOTA,"BaseColour_c(106, 181, 0)",S_SCHEME_DAYTONA,None,False,False,DLCPACKAGE_c(7581),0,None,False,"RACESERIES_c(18306, S_SERIES_SPRINT_CUP, 18307, IMGSPRINTCUP2013.ARC, [], [], 2013, False, None)",False,0
