class,uid,assigned_type,assigned_key,call_offset,UID,RaceSeries,RaceType,RaceStart,RaceRoute,RaceCar,RaceLaps,NumDrivers,ID,RaceEvent,EventName,GridOrder,DamageMode,NumberInSeries,RaceRosterOverride,RaceTrophy,TelemetryEventData,RaceDate,WearAndTear,EventSchedule,MinTrackTemp,MaxTrackTemp,MinAmbientTemp,MaxAmbientTemp,Difficulty,QualifyingLaps,IntroCutscene,AltAdvertising,FakeRaceData,RaceRosterOverride2,RaceRosterOverride3,InfieldOverride,UseDifficultyOverride,OverrideDiff_Easy,OverrideDiff_Norm,OverrideDiff_Hard,OverrideDiff_Champ
RACEDATA_c,1253,,1253,0x193F,1253,"RACESERIES_c(1080, S_SERIES_SPRINT_CUP, 1194, IMGSPRINTCUP.ARC, [], [], 2010, True, None)","RACETYPE_c(1165, 1166, S_MULTI_QUICKRACE_UC)","RACESTARTTYPE_c(1171, 1172)","RACEROUTETYPE_c(1175, 1176)","CUSTOMCAR_c(7533, 7534)",2,1,1254,"EVENT_c(1460, cr000, S_WORLD_DOVER, dover, None)",S_BLANK,"GRIDORDER_c(1717, QUALIFIED, 43)",FULL,-1,[],None,None,131072257,1,[],10.0,40.0,15.0,30.0,NORMAL,2,,False,False,[],[],None,False,"OverrideDiff_Easy_c(0.0, 1.0)","OverrideDiff_Norm_c(0.0, 1.0)","OverrideDiff_Hard_c(0.0, 1.0)","OverrideDiff_Champ_c(0.0, 1.0)"
RACEDATA_c,3414,,3414,0x19EA,3414,"RACESERIES_c(9670, S_SERIES_SPRINT_CUP, 9671, IMGSPRINTCUP2012.ARC, [], [], 2012, True, None)","RACETYPE_c(3412, 3413, S_IVT_SOLO_THUNDER)","RACESTARTTYPE_c(1171, 1172)","RACEROUTETYPE_c(1175, 1176)","CUSTOMCAR_c(7533, 7534)",5,1,3415,"EVENT_c(5419, cr000, S_WORLD_KENTUCKY, Kentucky, None)",S_IVT_SOLO_THUNDER,"GRIDORDER_c(1717, QUALIFIED, 43)",COSMETIC,-1,[],None,None,131859996,1,[],10.0,40.0,15.0,30.0,NORMAL,2,,False,False,[],[],None,False,"OverrideDiff_Easy_c(0.0, 1.0)","OverrideDiff_Norm_c(0.0, 1.0)","OverrideDiff_Hard_c(0.0, 1.0)","OverrideDiff_Champ_c(0.0, 1.0)"
RACEDATA_c,3603,,3603,0x1A95,3603,"RACESERIES_c(9670, S_SERIES_SPRINT_CUP, 9671, IMGSPRINTCUP2012.ARC, [], [], 2012, True, None)","RACETYPE_c(3412, 3413, S_IVT_SOLO_THUNDER)","RACESTARTTYPE_c(1171, 1172)","RACEROUTETYPE_c(1175, 1176)","CUSTOMCAR_c(7533, 7534)",5,1,3604,"EVENT_c(1226, cr000, S_WORLD_CHICAGOLAND, chicagoland, None)",S_IVT_SOLO_THUNDER,"GRIDORDER_c(1717, QUALIFIED, 43)",COSMETIC,-1,[],None,None,131860749,1,[],10.0,40.0,15.0,30.0,NORMAL,2,,False,False,[],[],None,False,"OverrideDiff_Easy_c(0.0, 1.0)","OverrideDiff_Norm_c(0.0, 1.0)","OverrideDiff_Hard_c(0.0, 1.0)","OverrideDiff_Champ_c(0.0, 1.0)"
RACEDATA_c,3608,,3608,0x1B40,3608,"RACESERIES_c(9670, S_SERIES_SPRINT_CUP, 9671, IMGSPRINTCUP2012.ARC, [], [], 2012, True, None)","RACETYPE_c(3606, 3607, S_IVT_GAUNTLET)","RACESTARTTYPE_c(1171, 1172)","RACEROUTETYPE_c(1175, 1176)","CUSTOMCAR_c(7533, 7534)",4,43,3609,"EVENT_c(1210, cr000, S_WORLD_POCONO, pocono, None)",S_IVT_GAUNTLET,"GRIDORDER_c(1717, QUALIFIED, 43)",COSMETIC,-1,[],None,None,131859736,1,[],10.0,40.0,15.0,30.0,NORMAL,2,,False,False,[],[],None,False,"OverrideDiff_Easy_c(0.0, 1.0)","OverrideDiff_Norm_c(0.0, 1.0)","OverrideDiff_Hard_c(0.0, 1.0)","OverrideDiff_Champ_c(0.0, 1.0)"
RACEDATA_c,3651,,3651,0x1BEB,3651,"RACESERIES_c(9670, S_SERIES_SPRINT_CUP, 9671, IMGSPRINTCUP2012.ARC, [], [], 2012, True, None)","RACETYPE_c(3646, 3647, S_IVT_CHAMPIONSHIP_SHOWDOWN)","RACESTARTTYPE_c(1171, 1172)","RACEROUTETYPE_c(1175, 1176)","CUSTOMCAR_c(7533, 7534)",10,43,3652,"EVENT_c(1050, cr000, S_EVENT_AUTOCLUB, autoclub, None)",,"GRIDORDER_c(3657, SERIES_STANDINGS, 43)",FULL,-1,[],None,None,131072257,1,[],10.0,40.0,15.0,30.0,NORMAL,2,,False,False,[],[],None,False,"OverrideDiff_Easy_c(0.0, 1.0)","OverrideDiff_Norm_c(0.0, 1.0)","OverrideDiff_Hard_c(0.0, 1.0)","OverrideDiff_Champ_c(0.0, 1.0)"
RACEDATA_c,5351,,5351,0x1C96,5351,"RACESERIES_c(9670, S_SERIES_SPRINT_CUP, 9671, IMGSPRINTCUP2012.ARC, [], [], 2012, True, None)","RACETYPE_c(1785, 1786, S_ETN_ELIMINATOR)","RACESTARTTYPE_c(1171, 1172)","RACEROUTETYPE_c(1175, 1176)","CUSTOMCAR_c(7533, 7534)",2,10,5352,"EVENT_c(1050, cr000, S_EVENT_AUTOCLUB, autoclub, None)",S_ETN_ELIMINATOR,"GRIDORDER_c(1724, PREDEFINED, 30)",FULL,-1,"[DRIVERCONFIG_c(9652, None, None, None, None, None, None, None, True, None, None, 2012_ALMIROLA, 129106177), DRIVERCONFIG_c(9662, None, None, None, None, None, None, None, True, None, None, 2012_BAYNE, 129106177), DRIVERCONFIG_c(11438, None, None, None, None, None, None, None, True, None, None, 2012_BLANEY, 129106177), DRIVERCONFIG_c(9623, None, None, None, None, None, None, None, True, None, None, 2012_EDWARDS, 129106177), DRIVERCONFIG_c(9640, None, None, None, None, None, None, None, True, None, None, 2012_GILLILAND, 129106177), DRIVERCONFIG_c(9661, None, None, None, None, None, None, None, True, None, None, 2012_KVAPIL, 129106177), DRIVERCONFIG_c(11441, None, None, None, None, None, None, None, True, None, None, 2012_MEARS, 129106177), DRIVERCONFIG_c(11437, None, None, None, None, None, None, None, True, None, None, 2012_NEMECHEK, 129106177), DRIVERCONFIG_c(9659, None, None, None, None, None, None, None, True, None, None, 2012_WISE, 129106177)]",None,None,131859222,1,[],10.0,40.0,15.0,30.0,NORMAL,2,,False,False,"[DRIVERCONFIG_c(9621, None, None, None, None, None, None, None, True, None, None, 2012_KESELOWSKI, 129106177), DRIVERCONFIG_c(9654, None, None, None, None, None, None, None, True, None, None, 2012_MCMURRAY, 129106177), DRIVERCONFIG_c(9626, None, None, None, None, None, None, None, True, None, None, 2012_MENARD, 129106177), DRIVERCONFIG_c(9622, None, None, None, None, None, None, None, True, None, None, 2012_PATRICK, 129106177), DRIVERCONFIG_c(9656, None, None, None, None, None, None, None, True, None, None, 2012_RAGAN, 129106177), DRIVERCONFIG_c(10527, None, None, None, None, None, None, None, True, None, None, 2012_SMITHREGAN, 129106177), DRIVERCONFIG_c(9637, None, None, None, None, None, None, None, True, None, None, 2012_STENHOUSE, 129106177), DRIVERCONFIG_c(9624, None, None, None, None, None, None, None, True, None, None, 2012_TRUEXMARTIN, 129106177), DRIVERCONFIG_c(18327, None, None, None, None, None, None, None, False, None, None, 2013_HORNISHJR, 129106177)]","[DRIVERCONFIG_c(9648, None, None, None, None, None, None, None, True, None, None, 2012_BIFFLE, 129106177), DRIVERCONFIG_c(9650, None, None, None, None, None, None, None, True, None, None, 2012_BOWYER, 129106177), DRIVERCONFIG_c(9647, None, None, None, None, None, None, None, True, None, None, 2012_BUSCHKYLE, 129106177), DRIVERCONFIG_c(9653, None, None, None, None, None, None, None, True, None, None, 2012_GORDONJEFF, 129106177), DRIVERCONFIG_c(9629, None, None, None, None, None, None, None, True, None, None, 2012_HAMLIN, 129106177), DRIVERCONFIG_c(9631, None, None, None, None, None, None, None, True, None, None, 2012_HARVICK, 129106177), DRIVERCONFIG_c(9635, None, None, None, None, None, None, None, True, None, None, 2012_JOHNSON, 131727617), DRIVERCONFIG_c(9636, None, None, None, None, None, None, None, True, None, None, 2012_KENSETH, 131268865), DRIVERCONFIG_c(9639, None, None, None, None, None, None, None, True, None, None, 2012_STEWART, 131793153)]",None,False,"OverrideDiff_Easy_c(0.86, 0.89)","OverrideDiff_Norm_c(0.87, 0.915)","OverrideDiff_Hard_c(0.89, 0.96)","OverrideDiff_Champ_c(0.94, 1.0)"
RACEDATA_c,5357,,5357,0x1D41,5357,"RACESERIES_c(9670, S_SERIES_SPRINT_CUP, 9671, IMGSPRINTCUP2012.ARC, [], [], 2012, True, None)","RACETYPE_c(1785, 1786, S_ETN_ELIMINATOR)","RACESTARTTYPE_c(1171, 1172)","RACEROUTETYPE_c(1175, 1176)","CUSTOMCAR_c(7533, 7534)",2,10,5358,"EVENT_c(1860, cr000, S_EVENT_BRISTOL_NIGHT, bristol, None)",S_ETN_ELIMINATOR,"GRIDORDER_c(1724, PREDEFINED, 30)",FULL,-1,"[DRIVERCONFIG_c(9639, None, None, None, None, None, None, None, True, None, None, 2012_STEWART, 131793153), DRIVERCONFIG_c(9641, None, None, None, None, None, None, None, True, None, None, 2012_KAHNE, 129106177), DRIVERCONFIG_c(9658, None, None, None, None, None, None, None, True, None, None, 2012_AMBROSE, 129106177), DRIVERCONFIG_c(9622, None, None, None, None, None, None, None, True, None, None, 2012_PATRICK, 129106177), DRIVERCONFIG_c(11436, None, None, None, None, None, None, None, True, None, None, 2012_SPEED, 129106177), DRIVERCONFIG_c(11439, None, None, None, None, None, None, None, True, None, None, 2012_CASSILL, 129106177), DRIVERCONFIG_c(9621, None, None, None, None, None, None, None, True, None, None, 2012_KESELOWSKI, 129106177), DRIVERCONFIG_c(9660, None, None, None, None, None, None, None, True, None, None, 2012_BUSCHKURT, 131334401), DRIVERCONFIG_c(18312, None, None, None, None, None, None, None, True, None, None, 2013_NEMECHEK, 129106177)]",None,None,131860503,1,[],10.0,40.0,15.0,30.0,NORMAL,2,,False,False,"[DRIVERCONFIG_c(9652, None, None, None, None, None, None, None, True, None, None, 2012_ALMIROLA, 129106177), DRIVERCONFIG_c(11438, None, None, None, None, None, None, None, True, None, None, 2012_BLANEY, 129106177), DRIVERCONFIG_c(9650, None, None, None, None, None, None, None, True, None, None, 2012_BOWYER, 129106177), DRIVERCONFIG_c(9660, None, None, None, None, None, None, None, True, None, None, 2012_BUSCHKURT, 131334401), DRIVERCONFIG_c(9623, None, None, None, None, None, None, None, True, None, None, 2012_EDWARDS, 129106177), DRIVERCONFIG_c(9653, None, None, None, None, None, None, None, True, None, None, 2012_GORDONJEFF, 129106177), DRIVERCONFIG_c(12591, None, None, None, None, None, None, None, True, None, None, 2012_HORNISHJR, 129106177), DRIVERCONFIG_c(9621, None, None, None, None, None, None, None, True, None, None, 2012_KESELOWSKI, 129106177), DRIVERCONFIG_c(9656, None, None, None, None, None, None, None, True, None, None, 2012_RAGAN, 129106177)]","[DRIVERCONFIG_c(9645, None, None, None, None, None, None, None, True, None, None, 2012_BURTON, 129106177), DRIVERCONFIG_c(9647, None, None, None, None, None, None, None, True, None, None, 2012_BUSCHKYLE, 129106177), DRIVERCONFIG_c(9623, None, None, None, None, None, None, None, True, None, None, 2012_EDWARDS, 129106177), DRIVERCONFIG_c(9653, None, None, None, None, None, None, None, True, None, None, 2012_GORDONJEFF, 129106177), DRIVERCONFIG_c(9629, None, None, None, None, None, None, None, True, None, None, 2012_HAMLIN, 129106177), DRIVERCONFIG_c(9631, None, None, None, None, None, None, None, True, None, None, 2012_HARVICK, 129106177), DRIVERCONFIG_c(9635, None, None, None, None, None, None, None, True, None, None, 2012_JOHNSON, 131727617), DRIVERCONFIG_c(9636, None, None, None, None, None, None, None, True, None, None, 2012_KENSETH, 131268865), DRIVERCONFIG_c(9630, None, None, None, None, None, None, None, True, None, None, 2012_NEWMAN, 129106177)]",None,False,"OverrideDiff_Easy_c(0.81, 0.86)","OverrideDiff_Norm_c(0.85, 0.91)","OverrideDiff_Hard_c(0.89, 0.95)","OverrideDiff_Champ_c(0.94, 1.0)"
RACEDATA_c,5359,,5359,0x1DEC,5359,"RACESERIES_c(9670, S_SERIES_SPRINT_CUP, 9671, IMGSPRINTCUP2012.ARC, [], [], 2012, True, None)","RACETYPE_c(3606, 3607, S_IVT_GAUNTLET)","RACESTARTTYPE_c(1171, 1172)","RACEROUTETYPE_c(1175, 1176)","CUSTOMCAR_c(7533, 7534)",4,43,5360,"EVENT_c(5413, cr000, S_EVENT_DAYTONA_NIGHT, daytona, None)",S_IVT_GAUNTLET,"GRIDORDER_c(1717, QUALIFIED, 43)",COSMETIC,-1,[],None,None,131860228,1,[],10.0,40.0,15.0,30.0,NORMAL,2,,False,False,[],[],None,False,"OverrideDiff_Easy_c(0.0, 1.0)","OverrideDiff_Norm_c(0.0, 1.0)","OverrideDiff_Hard_c(0.0, 1.0)","OverrideDiff_Champ_c(0.0, 1.0)"
RACEDATA_c,5381,,5381,0x1E97,5381,"RACESERIES_c(9670, S_SERIES_SPRINT_CUP, 9671, IMGSPRINTCUP2012.ARC, [], [], 2012, True, None)","RACETYPE_c(1785, 1786, S_ETN_ELIMINATOR)","RACESTARTTYPE_c(1171, 1172)","RACEROUTETYPE_c(1175, 1176)","CUSTOMCAR_c(7533, 7534)",2,10,5382,"EVENT_c(2524, cr000, S_WORLD_KANSAS_CITY, Kansas, None)",S_ETN_ELIMINATOR,"GRIDORDER_c(1724, PREDEFINED, 30)",FULL,-1,"[DRIVERCONFIG_c(9647, None, None, None, None, None, None, None, True, None, None, 2012_BUSCHKYLE, 129106177), DRIVERCONFIG_c(9623, None, None, None, None, None, None, None, True, None, None, 2012_EDWARDS, 129106177), DRIVERCONFIG_c(9636, None, None, None, None, None, None, None, True, None, None, 2012_KENSETH, 131268865), DRIVERCONFIG_c(9655, None, None, None, None, None, None, None, True, None, None, 2012_MONTOYA, 129106177), DRIVERCONFIG_c(9654, None, None, None, None, None, None, None, True, None, None, 2012_MCMURRAY, 129106177), DRIVERCONFIG_c(9651, None, None, None, None, None, None, None, True, None, None, 2012_MARTIN, 129106177), DRIVERCONFIG_c(9656, None, None, None, None, None, None, None, True, None, None, 2012_RAGAN, 129106177), DRIVERCONFIG_c(9628, None, None, None, None, None, None, None, True, None, None, 2012_LABONTEBOBBY, 129106177), DRIVERCONFIG_c(12591, None, None, None, None, None, None, None, True, None, None, 2012_HORNISHJR, 129106177)]",None,None,131861010,1,[],10.0,40.0,15.0,30.0,NORMAL,2,,False,False,"[DRIVERCONFIG_c(9658, None, None, None, None, None, None, None, True, None, None, 2012_AMBROSE, 129106177), DRIVERCONFIG_c(9645, None, None, None, None, None, None, None, True, None, None, 2012_BURTON, 129106177), DRIVERCONFIG_c(9647, None, None, None, None, None, None, None, True, None, None, 2012_BUSCHKYLE, 129106177), DRIVERCONFIG_c(9643, None, None, None, None, None, None, None, True, None, None, 2012_EARNHARDT, 129106177), DRIVERCONFIG_c(9640, None, None, None, None, None, None, None, True, None, None, 2012_GILLILAND, 129106177), DRIVERCONFIG_c(9636, None, None, None, None, None, None, None, True, None, None, 2012_KENSETH, 131268865), DRIVERCONFIG_c(9651, None, None, None, None, None, None, None, True, None, None, 2012_MARTIN, 129106177), DRIVERCONFIG_c(11441, None, None, None, None, None, None, None, True, None, None, 2012_MEARS, 129106177), DRIVERCONFIG_c(9626, None, None, None, None, None, None, None, True, None, None, 2012_MENARD, 129106177)]","[DRIVERCONFIG_c(9645, None, None, None, None, None, None, None, True, None, None, 2012_BURTON, 129106177), DRIVERCONFIG_c(9647, None, None, None, None, None, None, None, True, None, None, 2012_BUSCHKYLE, 129106177), DRIVERCONFIG_c(9623, None, None, None, None, None, None, None, True, None, None, 2012_EDWARDS, 129106177), DRIVERCONFIG_c(9653, None, None, None, None, None, None, None, True, None, None, 2012_GORDONJEFF, 129106177), DRIVERCONFIG_c(9629, None, None, None, None, None, None, None, True, None, None, 2012_HAMLIN, 129106177), DRIVERCONFIG_c(9631, None, None, None, None, None, None, None, True, None, None, 2012_HARVICK, 129106177), DRIVERCONFIG_c(9635, None, None, None, None, None, None, None, True, None, None, 2012_JOHNSON, 131727617), DRIVERCONFIG_c(9636, None, None, None, None, None, None, None, True, None, None, 2012_KENSETH, 131268865), DRIVERCONFIG_c(9630, None, None, None, None, None, None, None, True, None, None, 2012_NEWMAN, 129106177)]",None,False,"OverrideDiff_Easy_c(0.82, 0.88)","OverrideDiff_Norm_c(0.86, 0.92)","OverrideDiff_Hard_c(0.9, 0.97)","OverrideDiff_Champ_c(0.925, 1.0)"
RACEDATA_c,5385,,5385,0x1F42,5385,"RACESERIES_c(9670, S_SERIES_SPRINT_CUP, 9671, IMGSPRINTCUP2012.ARC, [], [], 2012, True, None)","RACETYPE_c(3412, 3413, S_IVT_SOLO_THUNDER)","RACESTARTTYPE_c(1171, 1172)","RACEROUTETYPE_c(1175, 1176)","CUSTOMCAR_c(7533, 7534)",5,1,5386,"EVENT_c(1659, cr000, S_EVENT_PHOENIX_DAY, phoenix, None)",S_IVT_SOLO_THUNDER,"GRIDORDER_c(1717, QUALIFIED, 43)",COSMETIC,-1,[],None,None,131861256,1,[],10.0,40.0,15.0,30.0,NORMAL,2,,False,False,[],[],None,False,"OverrideDiff_Easy_c(0.0, 1.0)","OverrideDiff_Norm_c(0.0, 1.0)","OverrideDiff_Hard_c(0.0, 1.0)","OverrideDiff_Champ_c(0.0, 1.0)"
RACEDATA_c,6957,,6957,0x1FED,6957,"RACESERIES_c(9670, S_SERIES_SPRINT_CUP, 9671, IMGSPRINTCUP2012.ARC, [], [], 2012, True, None)","RACETYPE_c(1165, 1166, S_MULTI_QUICKRACE_UC)","RACESTARTTYPE_c(1171, 1172)","RACEROUTETYPE_c(1175, 1176)","CUSTOMCAR_c(7533, 7534)",200,43,6958,"EVENT_c(1002, cr000, S_EVENT_DAYTONA_DAY, daytona, None)",S_EVT_DAYTONA_50,"GRIDORDER_c(1717, QUALIFIED, 43)",FULL,1,[],NASCARTROPHY_c(15874),None,131858970,1,[],10.0,40.0,15.0,30.0,NORMAL,2,DAYTONAINTRO,False,False,[],[],None,False,"OverrideDiff_Easy_c(0.0, 1.0)","OverrideDiff_Norm_c(0.0, 1.0)","OverrideDiff_Hard_c(0.0, 1.0)","OverrideDiff_Champ_c(0.0, 1.0)"
RACEDATA_c,6959,,6959,0x2098,6959,"RACESERIES_c(9670, S_SERIES_SPRINT_CUP, 9671, IMGSPRINTCUP2012.ARC, [], [], 2012, True, None)","RACETYPE_c(1165, 1166, S_MULTI_QUICKRACE_UC)","RACESTARTTYPE_c(1171, 1172)","RACEROUTETYPE_c(1175, 1176)","CUSTOMCAR_c(7533, 7534)",375,43,6960,"EVENT_c(1659, cr000, S_EVENT_PHOENIX_DAY, phoenix, None)",S_EVT_SUBWAY_FRESH_FIT,"GRIDORDER_c(1717, QUALIFIED, 43)",FULL,2,[],NASCARTROPHY_c(15875),None,131859204,1,"[WEEKENDEVENT_c(8429, None, 1, 1, None, 27.0, 32.0, False), WEEKENDEVENT_c(8430, None, 2, 2, None, 30.0, 35.0, False), WEEKENDEVENT_c(8431, None, 3, -1, None, 28.0, 36.0, False), WEEKENDEVENT_c(8432, None, 4, -1, None, 35.0, 27.0, False)]",10.0,40.0,15.0,30.0,NORMAL,2,PhoenixInt,False,False,[],[],None,False,"OverrideDiff_Easy_c(0.0, 1.0)","OverrideDiff_Norm_c(0.0, 1.0)","OverrideDiff_Hard_c(0.0, 1.0)","OverrideDiff_Champ_c(0.0, 1.0)"
RACEDATA_c,6961,,6961,0x2143,6961,"RACESERIES_c(9670, S_SERIES_SPRINT_CUP, 9671, IMGSPRINTCUP2012.ARC, [], [], 2012, True, None)","RACETYPE_c(1165, 1166, S_MULTI_QUICKRACE_UC)","RACESTARTTYPE_c(1171, 1172)","RACEROUTETYPE_c(1175, 1176)","CUSTOMCAR_c(7533, 7534)",267,43,6962,"EVENT_c(2775, cr000, S_WORLD_LAS_VEGAS, LasVegas, None)",S_EVT_KOBALT_TOOLS_400,"GRIDORDER_c(1717, QUALIFIED, 43)",FULL,3,[],NASCARTROPHY_c(15876),None,131859211,1,"[WEEKENDEVENT_c(8433, None, 1, 1, None, 27.0, 32.0, False), WEEKENDEVENT_c(8434, None, 2, -1, None, 31.0, 34.0, False), WEEKENDEVENT_c(8435, None, 3, 2, None, 22.0, 28.0, False), WEEKENDEVENT_c(8436, None, 4, -1, None, 30.0, 35.0, False)]",10.0,40.0,15.0,30.0,NORMAL,2,VegasInt,False,False,[],[],None,False,"OverrideDiff_Easy_c(0.0, 1.0)","OverrideDiff_Norm_c(0.0, 1.0)","OverrideDiff_Hard_c(0.0, 1.0)","OverrideDiff_Champ_c(0.0, 1.0)"
RACEDATA_c,6963,,6963,0x21EE,6963,"RACESERIES_c(9670, S_SERIES_SPRINT_CUP, 9671, IMGSPRINTCUP2012.ARC, [], [], 2012, True, None)","RACETYPE_c(1165, 1166, S_MULTI_QUICKRACE_UC)","RACESTARTTYPE_c(1171, 1172)","RACEROUTETYPE_c(1175, 1176)","CUSTOMCAR_c(7533, 7534)",500,43,6964,"EVENT_c(5399, cr000, S_EVENT_BRISTOL_DAY, bristol, None)",S_EVT_JEFF_BYRD_500,"GRIDORDER_c(1717, QUALIFIED, 43)",FULL,4,[],NASCARTROPHY_c(15877),None,131859218,1,"[WEEKENDEVENT_c(8442, None, 1, 1, None, 18.0, 24.0, False), WEEKENDEVENT_c(8443, None, 2, -1, None, 24.0, 29.0, False), WEEKENDEVENT_c(8444, None, 3, 2, None, 22.0, 27.0, False), WEEKENDEVENT_c(8445, None, 4, 3, None, 25.0, 30.0, False), WEEKENDEVENT_c(8446, None, 5, -1, None, 22.0, 32.0, False)]",10.0,40.0,15.0,30.0,NORMAL,2,BristolInt,False,False,[],[],None,False,"OverrideDiff_Easy_c(0.0, 1.0)","OverrideDiff_Norm_c(0.0, 1.0)","OverrideDiff_Hard_c(0.0, 1.0)","OverrideDiff_Champ_c(0.0, 1.0)"
RACEDATA_c,6965,,6965,0x2299,6965,"RACESERIES_c(9670, S_SERIES_SPRINT_CUP, 9671, IMGSPRINTCUP2012.ARC, [], [], 2012, True, None)","RACETYPE_c(1165, 1166, S_MULTI_QUICKRACE_UC)","RACESTARTTYPE_c(1171, 1172)","RACEROUTETYPE_c(1175, 1176)","CUSTOMCAR_c(7533, 7534)",250,43,6966,"EVENT_c(1050, cr000, S_EVENT_AUTOCLUB, autoclub, None)",S_EVENT_AUTOCLUB_400,"GRIDORDER_c(1717, QUALIFIED, 43)",FULL,5,[],NASCARTROPHY_c(15878),None,131859225,1,"[WEEKENDEVENT_c(8447, None, 1, 1, None, 27.0, 33.0, False), WEEKENDEVENT_c(8448, None, 2, -1, None, 28.0, 34.0, False), WEEKENDEVENT_c(8449, None, 3, 2, None, 22.0, 27.0, False), WEEKENDEVENT_c(8450, None, 4, 3, None, 26.0, 33.0, False), WEEKENDEVENT_c(8451, None, 5, -1, None, 26.0, 33.0, False)]",10.0,40.0,15.0,30.0,NORMAL,2,AutoclubInt,False,False,[],[],None,False,"OverrideDiff_Easy_c(0.0, 1.0)","OverrideDiff_Norm_c(0.0, 1.0)","OverrideDiff_Hard_c(0.0, 1.0)","OverrideDiff_Champ_c(0.0, 1.0)"
RACEDATA_c,6967,,6967,0x2344,6967,"RACESERIES_c(9670, S_SERIES_SPRINT_CUP, 9671, IMGSPRINTCUP2012.ARC, [], [], 2012, True, None)","RACETYPE_c(1165, 1166, S_MULTI_QUICKRACE_UC)","RACESTARTTYPE_c(1171, 1172)","RACEROUTETYPE_c(1175, 1176)","CUSTOMCAR_c(7533, 7534)",500,43,6968,"EVENT_c(1671, cr000, S_WORLD_MARTINSVILLE, martinsville, None)",S_EVT_GOODYS_FAST_RELIEF,"GRIDORDER_c(1717, QUALIFIED, 43)",FULL,6,[],NASCARTROPHY_c(15879),None,131859457,1,"[WEEKENDEVENT_c(8452, None, 1, 1, None, 21.0, 27.0, False), WEEKENDEVENT_c(8453, None, 2, 2, None, 24.0, 29.0, False), WEEKENDEVENT_c(8454, None, 3, -1, None, 24.0, 29.0, False), WEEKENDEVENT_c(8455, None, 4, -1, None, 23.0, 29.0, False)]",10.0,40.0,15.0,30.0,NORMAL,2,MartinsvilleIntro,False,False,[],[],None,False,"OverrideDiff_Easy_c(0.0, 1.0)","OverrideDiff_Norm_c(0.0, 1.0)","OverrideDiff_Hard_c(0.0, 1.0)","OverrideDiff_Champ_c(0.0, 1.0)"
RACEDATA_c,6969,,6969,0x23EF,6969,"RACESERIES_c(9670, S_SERIES_SPRINT_CUP, 9671, IMGSPRINTCUP2012.ARC, [], [], 2012, True, None)","RACETYPE_c(1165, 1166, S_MULTI_QUICKRACE_UC)","RACESTARTTYPE_c(1171, 1172)","RACEROUTETYPE_c(1175, 1176)","CUSTOMCAR_c(7533, 7534)",334,43,6970,"EVENT_c(9728, cr000, S_EVENT_TEXAS_NIGHT, texas, None)",S_EVT_SAMSUNG_500,"GRIDORDER_c(1717, QUALIFIED, 43)",FULL,7,[],NASCARTROPHY_c(15880),None,131859470,1,"[WEEKENDEVENT_c(18767, None, 4, -1, None, 0.0, 0.0, False), WEEKENDEVENT_c(8456, None, 1, 1, None, 27.0, 34.0, False), WEEKENDEVENT_c(8457, None, 2, 2, None, 29.0, 35.0, False), WEEKENDEVENT_c(8458, None, 3, -1, None, 27.0, 33.0, False), WEEKENDEVENT_c(8459, None, 5, -1, None, 29.0, 23.0, False)]",10.0,40.0,15.0,30.0,NORMAL,2,TexasintNight,False,False,[],[],"WORLDSCRIPT_c(2438, 2439, S_WORLD_TEXAS, 24.0, 1.5, None, S_WORLD_LOC_TEXAS, None, None, False, 27, 46, 138100, 130876421, [], 28.878, None, S_DRIVER_C_EDWARDS, S_DRIVER_M_KENSETH, S_DRIVER_K_BUSCH_02, S_DRIVER_G_BIFFLE, False, S_TB_TEXAS, 19.0, 27.0, False, 32.458, 31.046, 29.635, 196.299, 160.577, 78, False, None, S_TH_KENSETH_JOHNSON, [], 29.946, 31.487, 32.645, 15.0, 32.0, 34.485, 32.976, 31.846, 30.656, 0.976, Texas)",False,"OverrideDiff_Easy_c(0.0, 1.0)","OverrideDiff_Norm_c(0.0, 1.0)","OverrideDiff_Hard_c(0.0, 1.0)","OverrideDiff_Champ_c(0.0, 1.0)"
RACEDATA_c,6973,,6973,0x249A,6973,"RACESERIES_c(9670, S_SERIES_SPRINT_CUP, 9671, IMGSPRINTCUP2012.ARC, [], [], 2012, True, None)","RACETYPE_c(1165, 1166, S_MULTI_QUICKRACE_UC)","RACESTARTTYPE_c(1171, 1172)","RACEROUTETYPE_c(1175, 1176)","CUSTOMCAR_c(7533, 7534)",400,43,6974,"EVENT_c(12292, cr000, S_EVENT_RICHMOND_NIGHT, richmond, None)",S_EVT_HANSEN_400,"GRIDORDER_c(1717, QUALIFIED, 43)",FULL,9,[],NASCARTROPHY_c(15882),None,131859484,1,"[WEEKENDEVENT_c(18281, None, 4, -1, None, 0.0, 0.0, False), WEEKENDEVENT_c(8468, None, 1, 1, None, 24.0, 29.0, False), WEEKENDEVENT_c(8469, None, 2, 2, None, 26.0, 31.0, False), WEEKENDEVENT_c(8470, None, 3, -1, None, 22.0, 29.0, False), WEEKENDEVENT_c(8471, None, 5, -1, None, 28.0, 23.0, False)]",10.0,40.0,15.0,30.0,NORMAL,2,Richmondint,False,False,[],[],"WORLDSCRIPT_c(1635, 1636, S_WORLD_RICHMOND, 14.0, 0.75, None, S_WORLD_LOC_RICHMOND, None, None, False, 25, 44, 97912, 127992851, [], 21.556, None, S_HDRIVER_R_PETTY, S_HDRIVER_R_PETTY, S_DRIVER_M_KENSETH, S_HDRIVER_D_JARRET, False, S_TB_RICHMOND, 18.0, 23.0, False, 24.434, 23.372, 22.309, 130.334, 109.047, 76, False, None, S_HDRIVER_R_PETTY, [], 22.645, 23.232, 24.487, 16.0, 30.0, 25.984, 24.889, 23.976, 22.952, 0.98, Richmond)",False,"OverrideDiff_Easy_c(0.0, 1.0)","OverrideDiff_Norm_c(0.0, 1.0)","OverrideDiff_Hard_c(0.0, 1.0)","OverrideDiff_Champ_c(0.0, 1.0)"
RACEDATA_c,6979,,6979,0x2545,6979,"RACESERIES_c(9670, S_SERIES_SPRINT_CUP, 9671, IMGSPRINTCUP2012.ARC, [], [], 2012, True, None)","RACETYPE_c(1165, 1166, S_MULTI_QUICKRACE_UC)","RACESTARTTYPE_c(1171, 1172)","RACEROUTETYPE_c(1175, 1176)","CUSTOMCAR_c(7533, 7534)",400,43,6980,"EVENT_c(11244, cr000, S_EVENT_CHARLOTTE_NIGHT, lowes, None)",S_EVT_COCA_COLA_600,"GRIDORDER_c(1717, QUALIFIED, 43)",FULL,12,[],NASCARTROPHY_c(15886),None,131859739,1,"[WEEKENDEVENT_c(18846, None, 5, -1, None, 0.0, 0.0, False), WEEKENDEVENT_c(8484, None, 1, 1, None, 25.0, 30.0, False), WEEKENDEVENT_c(8485, None, 2, -1, None, 22.0, 28.0, False), WEEKENDEVENT_c(8486, None, 3, 2, None, 20.0, 24.0, False), WEEKENDEVENT_c(8487, None, 4, 3, None, 26.0, 31.0, False), WEEKENDEVENT_c(8488, None, 6, -1, None, 29.0, 22.0, False)]",10.0,40.0,15.0,30.0,NORMAL,2,LowesInt,False,False,[],[],"WORLDSCRIPT_c(1528, 1529, S_WORLD_CHARLOTTE, 24.0, 1.5, None, S_WORLD_LOC_CHARLOTTE, None, None, False, 6, 38, 134000, 128452115, [], 28.845, None, S_DRIVER_J_JOHNSON, S_TH_ALLISON_PETTY, S_DRIVER_G_BIFFLE, S_DRIVER_J_GORDON, False, S_TB_LOWES, 20.0, 25.0, True, 33.112, 31.672, 30.233, 193.708, 160.682, 70, False, None, S_HDRIVER_R_PETTY, [], 29.888, 30.943, 32.653, 19.0, 30.0, 34.476, 32.854, 31.653, 30.354, 0.98, Lowes)",False,"OverrideDiff_Easy_c(0.0, 1.0)","OverrideDiff_Norm_c(0.0, 1.0)","OverrideDiff_Hard_c(0.0, 1.0)","OverrideDiff_Champ_c(0.0, 1.0)"
RACEDATA_c,6983,,6983,0x25F0,6983,"RACESERIES_c(9670, S_SERIES_SPRINT_CUP, 9671, IMGSPRINTCUP2012.ARC, [], [], 2012, True, None)","RACETYPE_c(1165, 1166, S_MULTI_QUICKRACE_UC)","RACESTARTTYPE_c(1171, 1172)","RACEROUTETYPE_c(1175, 1176)","CUSTOMCAR_c(7533, 7534)",200,43,6984,"EVENT_c(1210, cr000, S_WORLD_POCONO, pocono, None)",S_EVT_POCONO_500,"GRIDORDER_c(1717, QUALIFIED, 43)",FULL,14,[],NASCARTROPHY_c(15888),None,131859978,1,"[WEEKENDEVENT_c(8493, None, 1, 1, None, 21.0, 28.0, False), WEEKENDEVENT_c(8494, None, 2, 2, None, 23.0, 30.0, False), WEEKENDEVENT_c(8495, None, 3, -1, None, 21.0, 27.0, False), WEEKENDEVENT_c(8496, None, 4, -1, None, 23.0, 30.0, False)]",10.0,40.0,15.0,30.0,NORMAL,2,PoconoInt,False,False,[],[],None,False,"OverrideDiff_Easy_c(0.0, 1.0)","OverrideDiff_Norm_c(0.0, 1.0)","OverrideDiff_Hard_c(0.0, 1.0)","OverrideDiff_Champ_c(0.0, 1.0)"
RACEDATA_c,6985,,6985,0x269B,6985,"RACESERIES_c(9670, S_SERIES_SPRINT_CUP, 9671, IMGSPRINTCUP2012.ARC, [], [], 2012, True, None)","RACETYPE_c(1165, 1166, S_MULTI_QUICKRACE_UC)","RACESTARTTYPE_c(1171, 1172)","RACEROUTETYPE_c(1175, 1176)","CUSTOMCAR_c(7533, 7534)",200,43,6986,"EVENT_c(2528, cr000, S_WORLD_MICHIGAN, Michigan, None)",S_EVT_LIFELOCK_400,"GRIDORDER_c(1717, QUALIFIED, 43)",FULL,15,[],NASCARTROPHY_c(15889),None,131859985,1,"[WEEKENDEVENT_c(8497, None, 1, 1, None, 24.0, 28.0, False), WEEKENDEVENT_c(8498, None, 2, 2, None, 24.0, 28.0, False), WEEKENDEVENT_c(8499, None, 3, -1, None, 26.0, 31.0, False), WEEKENDEVENT_c(8500, None, 4, -1, None, 25.0, 31.0, False)]",10.0,40.0,15.0,30.0,NORMAL,2,MichiganInt,False,False,[],[],None,False,"OverrideDiff_Easy_c(0.0, 1.0)","OverrideDiff_Norm_c(0.0, 1.0)","OverrideDiff_Hard_c(0.0, 1.0)","OverrideDiff_Champ_c(0.0, 1.0)"
RACEDATA_c,6987,,6987,0x2746,6987,"RACESERIES_c(9670, S_SERIES_SPRINT_CUP, 9671, IMGSPRINTCUP2012.ARC, [], [], 2012, True, None)","RACETYPE_c(1165, 1166, S_MULTI_QUICKRACE_UC)","RACESTARTTYPE_c(1171, 1172)","RACEROUTETYPE_c(1175, 1176)","CUSTOMCAR_c(7533, 7534)",110,43,6988,"EVENT_c(1033, cr000, S_WORLD_SONOMA, infineon, None)",S_EVT_TOYOTA_350,"GRIDORDER_c(1717, QUALIFIED, 43)",FULL,16,[],NASCARTROPHY_c(15890),None,131859992,1,"[WEEKENDEVENT_c(8501, None, 1, 1, None, 27.0, 34.0, False), WEEKENDEVENT_c(8502, None, 2, -1, None, 26.0, 33.0, False), WEEKENDEVENT_c(8503, None, 3, 2, None, 23.0, 31.0, False), WEEKENDEVENT_c(8504, None, 4, 3, None, 23.0, 31.0, False), WEEKENDEVENT_c(8505, None, 5, -1, None, 25.0, 34.0, False)]",10.0,40.0,15.0,30.0,NORMAL,1,InfInt,False,False,[],[],None,False,"OverrideDiff_Easy_c(0.0, 1.0)","OverrideDiff_Norm_c(0.0, 1.0)","OverrideDiff_Hard_c(0.0, 1.0)","OverrideDiff_Champ_c(0.0, 1.0)"
RACEDATA_c,6993,,6993,0x27F1,6993,"RACESERIES_c(9670, S_SERIES_SPRINT_CUP, 9671, IMGSPRINTCUP2012.ARC, [], [], 2012, True, None)","RACETYPE_c(1165, 1166, S_MULTI_QUICKRACE_UC)","RACESTARTTYPE_c(1171, 1172)","RACEROUTETYPE_c(1175, 1176)","CUSTOMCAR_c(7533, 7534)",300,43,6994,"EVENT_c(2632, cr000, S_WORLD_NEW_HAMPSHIRE, NewHampshire, None)",S_EVT_LENOX_301,"GRIDORDER_c(1717, QUALIFIED, 43)",FULL,19,[],NASCARTROPHY_c(15893),None,131860239,1,"[WEEKENDEVENT_c(8514, None, 1, 1, None, 28.0, 31.0, False), WEEKENDEVENT_c(8515, None, 2, -1, None, 31.0, 30.0, False), WEEKENDEVENT_c(8516, None, 3, 2, None, 26.0, 29.0, False), WEEKENDEVENT_c(8517, None, 4, 3, None, 27.0, 31.0, False), WEEKENDEVENT_c(8518, None, 5, -1, None, 27.0, 31.0, False)]",10.0,40.0,15.0,30.0,NORMAL,2,NhmpInt,False,False,[],[],None,False,"OverrideDiff_Easy_c(0.0, 1.0)","OverrideDiff_Norm_c(0.0, 1.0)","OverrideDiff_Hard_c(0.0, 1.0)","OverrideDiff_Champ_c(0.0, 1.0)"
RACEDATA_c,6995,,6995,0x289C,6995,"RACESERIES_c(9670, S_SERIES_SPRINT_CUP, 9671, IMGSPRINTCUP2012.ARC, [], [], 2012, True, None)","RACETYPE_c(1165, 1166, S_MULTI_QUICKRACE_UC)","RACESTARTTYPE_c(1171, 1172)","RACEROUTETYPE_c(1175, 1176)","CUSTOMCAR_c(7533, 7534)",160,43,6996,"EVENT_c(1251, cr000, S_WORLD_INDIANAPOLIS_SS, indianapolis, None)",S_EVT_ALL_STATE_400,"GRIDORDER_c(1717, QUALIFIED, 43)",FULL,20,[],NASCARTROPHY_c(15894),None,131860253,1,"[WEEKENDEVENT_c(8610, None, 1, 1, None, 27.0, 31.0, False), WEEKENDEVENT_c(8611, None, 2, 2, None, 29.0, 33.0, False), WEEKENDEVENT_c(8612, None, 3, 3, None, 29.0, 33.0, False), WEEKENDEVENT_c(8613, None, 4, -1, None, 31.0, 34.0, False), WEEKENDEVENT_c(8614, None, 5, -1, None, 30.0, 35.0, False)]",10.0,40.0,15.0,30.0,NORMAL,2,IndyIntro,False,False,[],[],None,False,"OverrideDiff_Easy_c(0.0, 1.0)","OverrideDiff_Norm_c(0.0, 1.0)","OverrideDiff_Hard_c(0.0, 1.0)","OverrideDiff_Champ_c(0.0, 1.0)"
RACEDATA_c,6997,,6997,0x2947,6997,"RACESERIES_c(9670, S_SERIES_SPRINT_CUP, 9671, IMGSPRINTCUP2012.ARC, [], [], 2012, True, None)","RACETYPE_c(1165, 1166, S_MULTI_QUICKRACE_UC)","RACESTARTTYPE_c(1171, 1172)","RACEROUTETYPE_c(1175, 1176)","CUSTOMCAR_c(7533, 7534)",200,43,6998,"EVENT_c(1210, cr000, S_WORLD_POCONO, pocono, None)",S_EVT_PENNSYLVANIA_500,"GRIDORDER_c(1717, QUALIFIED, 43)",FULL,21,[],NASCARTROPHY_c(15895),None,131860485,1,"[WEEKENDEVENT_c(8615, None, 1, 1, None, 24.0, 29.0, False), WEEKENDEVENT_c(8616, None, 2, 2, None, 28.0, 26.0, False), WEEKENDEVENT_c(8617, None, 3, -1, None, 26.0, 28.0, False), WEEKENDEVENT_c(8618, None, 4, -1, None, 24.0, 31.0, False)]",10.0,40.0,15.0,30.0,NORMAL,2,Poconorace2Int,False,False,[],[],None,False,"OverrideDiff_Easy_c(0.0, 1.0)","OverrideDiff_Norm_c(0.0, 1.0)","OverrideDiff_Hard_c(0.0, 1.0)","OverrideDiff_Champ_c(0.0, 1.0)"
RACEDATA_c,6999,,6999,0x29F2,6999,"RACESERIES_c(9670, S_SERIES_SPRINT_CUP, 9671, IMGSPRINTCUP2012.ARC, [], [], 2012, True, None)","RACETYPE_c(1165, 1166, S_MULTI_QUICKRACE_UC)","RACESTARTTYPE_c(1171, 1172)","RACEROUTETYPE_c(1175, 1176)","CUSTOMCAR_c(7533, 7534)",90,43,7000,"EVENT_c(1045, cr000, S_WORLD_WATKINS_GLEN, watkinsglen, None)",S_EVT_HELUVA_GOOD,"GRIDORDER_c(1717, QUALIFIED, 43)",FULL,22,[],NASCARTROPHY_c(15896),None,131860492,1,"[WEEKENDEVENT_c(14586, None, 1, 1, None, 28.0, 32.0, False), WEEKENDEVENT_c(14587, None, 2, 2, None, 30.0, 27.0, False), WEEKENDEVENT_c(14588, None, 3, -1, None, 26.0, 29.0, False), WEEKENDEVENT_c(14589, None, 4, -1, None, 27.0, 32.0, False)]",10.0,40.0,15.0,30.0,NORMAL,1,WatGlennInt,False,False,[],[],None,False,"OverrideDiff_Easy_c(0.0, 1.0)","OverrideDiff_Norm_c(0.0, 1.0)","OverrideDiff_Hard_c(0.0, 1.0)","OverrideDiff_Champ_c(0.0, 1.0)"
RACEDATA_c,7001,,7001,0x2A9D,7001,"RACESERIES_c(9670, S_SERIES_SPRINT_CUP, 9671, IMGSPRINTCUP2012.ARC, [], [], 2012, True, None)","RACETYPE_c(1165, 1166, S_MULTI_QUICKRACE_UC)","RACESTARTTYPE_c(1171, 1172)","RACEROUTETYPE_c(1175, 1176)","CUSTOMCAR_c(7533, 7534)",200,43,7002,"EVENT_c(2528, cr000, S_WORLD_MICHIGAN, Michigan, None)",S_EVT_MICHIGAN_400,"GRIDORDER_c(1717, QUALIFIED, 43)",FULL,23,[],NASCARTROPHY_c(15897),None,131860499,1,"[WEEKENDEVENT_c(8619, None, 1, 1, None, 28.0, 31.0, True), WEEKENDEVENT_c(8620, None, 2, -1, None, 30.0, 28.0, True), WEEKENDEVENT_c(8621, None, 3, 2, None, 24.0, 28.0, True), WEEKENDEVENT_c(8622, None, 4, -1, None, 27.0, 32.0, True)]",10.0,40.0,15.0,30.0,NORMAL,2,MichiganRace2Int,True,False,[],[],None,False,"OverrideDiff_Easy_c(0.0, 1.0)","OverrideDiff_Norm_c(0.0, 1.0)","OverrideDiff_Hard_c(0.0, 1.0)","OverrideDiff_Champ_c(0.0, 1.0)"
RACEDATA_c,7003,,7003,0x2B48,7003,"RACESERIES_c(9670, S_SERIES_SPRINT_CUP, 9671, IMGSPRINTCUP2012.ARC, [], [], 2012, True, None)","RACETYPE_c(1165, 1166, S_MULTI_QUICKRACE_UC)","RACESTARTTYPE_c(1171, 1172)","RACEROUTETYPE_c(1175, 1176)","CUSTOMCAR_c(7533, 7534)",500,43,7004,"EVENT_c(1860, cr000, S_EVENT_BRISTOL_NIGHT, bristol, None)",S_EVT_SHARPIE_500,"GRIDORDER_c(1717, QUALIFIED, 43)",FULL,24,[],NASCARTROPHY_c(15898),None,131860505,1,"[WEEKENDEVENT_c(18828, None, 4, -1, None, 0.0, 0.0, False), WEEKENDEVENT_c(8683, None, 1, 1, None, 28.0, 32.0, False), WEEKENDEVENT_c(8684, None, 2, 2, None, 30.0, 28.0, False), WEEKENDEVENT_c(8685, None, 3, -1, None, 26.0, 24.0, False), WEEKENDEVENT_c(8686, None, 5, -1, None, 27.0, 22.0, False)]",10.0,40.0,15.0,30.0,NORMAL,2,BristolNightInt,False,False,[],[],"WORLDSCRIPT_c(5348, 5349, S_WORLD_BRISTOL, 30.0, 0.533, None, S_WORLD_LOC_BRISTOL, None, None, False, 3, 55, 160000, 128517918, [], 15.645, None, S_HDRIVER_D_WALTRIP, S_HDRIVER_PETTYWALTRIP, S_DRIVER_K_BUSCH_02, S_HDRIVER_C_GLOTZBACH, False, S_TB_BRISTOL, 8.0, 22.0, True, 17.705, 16.936, 16.166, 129.535, 101.074, 82, False, None, S_HDRIVER_R_PETTY, [], 16.435, 17.245, 17.945, 19.0, 32.0, 19.365, 18.434, 17.731, 16.745, 0.975, Bristol)",False,"OverrideDiff_Easy_c(0.0, 1.0)","OverrideDiff_Norm_c(0.0, 1.0)","OverrideDiff_Hard_c(0.0, 1.0)","OverrideDiff_Champ_c(0.0, 1.0)"
RACEDATA_c,7005,,7005,0x2BF3,7005,"RACESERIES_c(9670, S_SERIES_SPRINT_CUP, 9671, IMGSPRINTCUP2012.ARC, [], [], 2012, True, None)","RACETYPE_c(1165, 1166, S_MULTI_QUICKRACE_UC)","RACESTARTTYPE_c(1171, 1172)","RACEROUTETYPE_c(1175, 1176)","CUSTOMCAR_c(7533, 7534)",325,43,7006,"EVENT_c(1691, cr000, S_EVENT_ATLANTA_NIGHT, atlanta, None)",S_EVT_ADVOCARE_500,"GRIDORDER_c(1717, QUALIFIED, 43)",FULL,25,[],NASCARTROPHY_c(15899),None,131860738,1,"[WEEKENDEVENT_c(8722, None, 1, 1, None, 27.0, 30.0, False), WEEKENDEVENT_c(8723, None, 2, 2, None, 29.0, 34.0, False), WEEKENDEVENT_c(8724, None, 3, -1, None, 25.0, 29.0, False), WEEKENDEVENT_c(8725, None, 5, -1, None, 31.0, 27.0, False), WEEKENDEVENT_c(18766, None, 4, -1, None, 0.0, 0.0, False)]",10.0,40.0,15.0,30.0,NORMAL,2,AtlantaInt,False,False,[],[],"WORLDSCRIPT_c(5406, 5407, S_WORLD_ATLANTA, 24.0, 1.54, None, S_WORLD_LOC_ATLANTA, None, None, False, 33, 54, 124000, 128452383, [], 29.877, None, S_HDRIVER_D_EARNHARDT, S_HDRIVER_D_EARNHARDT, S_HDRIVER_G_BODINE, S_HDRIVER_D_EARNHARDT, False, S_TB_ATLANTA, 9.0, 23.0, True, 33.075, 31.637, 30.199, 197.478, 163.633, 81, False, None, S_HDRIVER_R_PETTY, [], 30.921, 32.379, 33.587, 8.0, 26.0, 36.844, 35.934, 35.178, 33.625, 0.945, Atlanta)",False,"OverrideDiff_Easy_c(0.0, 1.0)","OverrideDiff_Norm_c(0.0, 1.0)","OverrideDiff_Hard_c(0.0, 1.0)","OverrideDiff_Champ_c(0.0, 1.0)"
RACEDATA_c,7007,,7007,0x2C9E,7007,"RACESERIES_c(9670, S_SERIES_SPRINT_CUP, 9671, IMGSPRINTCUP2012.ARC, [], [], 2012, True, None)","RACETYPE_c(1165, 1166, S_MULTI_QUICKRACE_UC)","RACESTARTTYPE_c(1171, 1172)","RACEROUTETYPE_c(1175, 1176)","CUSTOMCAR_c(7533, 7534)",400,43,7008,"EVENT_c(12292, cr000, S_EVENT_RICHMOND_NIGHT, richmond, None)",S_EVT_CHASE_400,"GRIDORDER_c(1717, QUALIFIED, 43)",FULL,26,[],NASCARTROPHY_c(15900),None,131860744,1,"[WEEKENDEVENT_c(8727, None, 1, 1, None, 28.0, 34.0, True), WEEKENDEVENT_c(8728, None, 2, 2, None, 30.0, 31.0, True), WEEKENDEVENT_c(8729, None, 3, -1, None, 28.0, 27.0, True), WEEKENDEVENT_c(8730, None, 5, -1, None, 31.0, 26.0, True), WEEKENDEVENT_c(21787, None, 4, -1, None, 0.0, 0.0, True)]",10.0,40.0,15.0,30.0,NORMAL,2,RichmondRace2Int,True,False,[],[],"WORLDSCRIPT_c(1635, 1636, S_WORLD_RICHMOND, 14.0, 0.75, None, S_WORLD_LOC_RICHMOND, None, None, False, 25, 44, 97912, 127992851, [], 21.556, None, S_HDRIVER_R_PETTY, S_HDRIVER_R_PETTY, S_DRIVER_M_KENSETH, S_HDRIVER_D_JARRET, False, S_TB_RICHMOND, 18.0, 23.0, False, 24.434, 23.372, 22.309, 130.334, 109.047, 76, False, None, S_HDRIVER_R_PETTY, [], 22.645, 23.232, 24.487, 16.0, 30.0, 25.984, 24.889, 23.976, 22.952, 0.98, Richmond)",False,"OverrideDiff_Easy_c(0.0, 1.0)","OverrideDiff_Norm_c(0.0, 1.0)","OverrideDiff_Hard_c(0.0, 1.0)","OverrideDiff_Champ_c(0.0, 1.0)"
RACEDATA_c,7009,,7009,0x2D49,7009,"RACESERIES_c(9670, S_SERIES_SPRINT_CUP, 9671, IMGSPRINTCUP2012.ARC, [], [], 2012, True, None)","RACETYPE_c(1165, 1166, S_MULTI_QUICKRACE_UC)","RACESTARTTYPE_c(1171, 1172)","RACEROUTETYPE_c(1175, 1176)","CUSTOMCAR_c(7533, 7534)",267,43,7010,"EVENT_c(1226, cr000, S_WORLD_CHICAGOLAND, chicagoland, None)",S_EVT_CHICAGOLAND_400,"GRIDORDER_c(1717, QUALIFIED, 43)",FULL,27,[],NASCARTROPHY_c(15901),None,131860752,1,"[WEEKENDEVENT_c(14573, None, 1, 1, None, 32.0, 34.0, False), WEEKENDEVENT_c(14574, None, 2, 2, None, 33.0, 35.0, False), WEEKENDEVENT_c(14575, None, 3, -1, None, 33.0, 34.0, False), WEEKENDEVENT_c(14576, None, 4, -1, None, 31.0, 35.0, False)]",10.0,40.0,15.0,30.0,NORMAL,2,ChicagoInt,False,False,[],[],None,False,"OverrideDiff_Easy_c(0.0, 1.0)","OverrideDiff_Norm_c(0.0, 1.0)","OverrideDiff_Hard_c(0.0, 1.0)","OverrideDiff_Champ_c(0.0, 1.0)"
RACEDATA_c,7011,,7011,0x2DF4,7011,"RACESERIES_c(9670, S_SERIES_SPRINT_CUP, 9671, IMGSPRINTCUP2012.ARC, [], [], 2012, True, None)","RACETYPE_c(1165, 1166, S_MULTI_QUICKRACE_UC)","RACESTARTTYPE_c(1171, 1172)","RACEROUTETYPE_c(1175, 1176)","CUSTOMCAR_c(7533, 7534)",300,43,7012,"EVENT_c(2632, cr000, S_WORLD_NEW_HAMPSHIRE, NewHampshire, None)",S_EVT_SYLVANIA_300,"GRIDORDER_c(1717, QUALIFIED, 43)",FULL,28,[],NASCARTROPHY_c(15902),None,131860759,1,"[WEEKENDEVENT_c(8732, None, 1, 1, None, 28.0, 31.0, False), WEEKENDEVENT_c(8733, None, 2, -1, None, 30.0, 28.0, False), WEEKENDEVENT_c(8734, None, 3, 2, None, 24.0, 27.0, False), WEEKENDEVENT_c(8735, None, 4, 3, None, 27.0, 30.0, False), WEEKENDEVENT_c(8736, None, 5, -1, None, 27.0, 32.0, False)]",10.0,40.0,15.0,30.0,NORMAL,2,NHmpRace2Int,False,False,[],[],None,False,"OverrideDiff_Easy_c(0.0, 1.0)","OverrideDiff_Norm_c(0.0, 1.0)","OverrideDiff_Hard_c(0.0, 1.0)","OverrideDiff_Champ_c(0.0, 1.0)"
RACEDATA_c,7013,,7013,0x2E9F,7013,"RACESERIES_c(9670, S_SERIES_SPRINT_CUP, 9671, IMGSPRINTCUP2012.ARC, [], [], 2012, True, None)","RACETYPE_c(1165, 1166, S_MULTI_QUICKRACE_UC)","RACESTARTTYPE_c(1171, 1172)","RACEROUTETYPE_c(1175, 1176)","CUSTOMCAR_c(7533, 7534)",400,43,7014,"EVENT_c(1460, cr000, S_WORLD_DOVER, dover, None)",S_EVT_AAA_400,"GRIDORDER_c(1717, QUALIFIED, 43)",FULL,29,[],NASCARTROPHY_c(15903),None,131860766,1,"[WEEKENDEVENT_c(9353, None, 1, 1, None, 24.0, 30.0, False), WEEKENDEVENT_c(9354, None, 2, 2, None, 28.0, 32.0, False), WEEKENDEVENT_c(9355, None, 3, -1, None, 29.0, 30.0, False), WEEKENDEVENT_c(9356, None, 4, -1, None, 28.0, 32.0, False)]",10.0,40.0,15.0,30.0,NORMAL,2,DoverIntAAA400,False,False,[],[],None,False,"OverrideDiff_Easy_c(0.0, 1.0)","OverrideDiff_Norm_c(0.0, 1.0)","OverrideDiff_Hard_c(0.0, 1.0)","OverrideDiff_Champ_c(0.0, 1.0)"
RACEDATA_c,7017,,7017,0x2F4A,7017,"RACESERIES_c(9670, S_SERIES_SPRINT_CUP, 9671, IMGSPRINTCUP2012.ARC, [], [], 2012, True, None)","RACETYPE_c(1165, 1166, S_MULTI_QUICKRACE_UC)","RACESTARTTYPE_c(1171, 1172)","RACEROUTETYPE_c(1175, 1176)","CUSTOMCAR_c(7533, 7534)",334,43,7018,"EVENT_c(11244, cr000, S_EVENT_CHARLOTTE_NIGHT, lowes, None)",S_EVT_NASCAR_BANKING_500,"GRIDORDER_c(1717, QUALIFIED, 43)",FULL,31,[],NASCARTROPHY_c(15905),None,131861005,1,"[WEEKENDEVENT_c(18829, None, 5, -1, None, 0.0, 0.0, True), WEEKENDEVENT_c(9377, None, 1, 1, None, 29.0, 28.0, False), WEEKENDEVENT_c(9378, None, 2, -1, None, 29.0, 28.0, False), WEEKENDEVENT_c(9379, None, 3, 2, None, 30.0, 29.0, False), WEEKENDEVENT_c(9380, None, 4, 3, None, 29.0, 28.0, False), WEEKENDEVENT_c(9381, None, 6, -1, None, 30.0, 27.0, True)]",10.0,40.0,15.0,30.0,NORMAL,2,LowesNightInt,False,False,[],[],"WORLDSCRIPT_c(1528, 1529, S_WORLD_CHARLOTTE, 24.0, 1.5, None, S_WORLD_LOC_CHARLOTTE, None, None, False, 6, 38, 134000, 128452115, [], 28.845, None, S_DRIVER_J_JOHNSON, S_TH_ALLISON_PETTY, S_DRIVER_G_BIFFLE, S_DRIVER_J_GORDON, False, S_TB_LOWES, 20.0, 25.0, True, 33.112, 31.672, 30.233, 193.708, 160.682, 70, False, None, S_HDRIVER_R_PETTY, [], 29.888, 30.943, 32.653, 19.0, 30.0, 34.476, 32.854, 31.653, 30.354, 0.98, Lowes)",False,"OverrideDiff_Easy_c(0.0, 1.0)","OverrideDiff_Norm_c(0.0, 1.0)","OverrideDiff_Hard_c(0.0, 1.0)","OverrideDiff_Champ_c(0.0, 1.0)"
RACEDATA_c,7021,,7021,0x2FF5,7021,"RACESERIES_c(9670, S_SERIES_SPRINT_CUP, 9671, IMGSPRINTCUP2012.ARC, [], [], 2012, True, None)","RACETYPE_c(1165, 1166, S_MULTI_QUICKRACE_UC)","RACESTARTTYPE_c(1171, 1172)","RACEROUTETYPE_c(1175, 1176)","CUSTOMCAR_c(7533, 7534)",500,43,7022,"EVENT_c(1671, cr000, S_WORLD_MARTINSVILLE, martinsville, None)",S_EVT_TUMS_500,"GRIDORDER_c(1717, QUALIFIED, 43)",FULL,33,[],NASCARTROPHY_c(15907),None,131861020,1,"[WEEKENDEVENT_c(9389, None, 1, 1, None, 28.0, 30.0, False), WEEKENDEVENT_c(9390, None, 2, 2, None, 31.0, 27.0, False), WEEKENDEVENT_c(9391, None, 3, -1, None, 29.0, 32.0, False), WEEKENDEVENT_c(9392, None, 4, -1, None, 27.0, 32.0, False)]",10.0,40.0,15.0,30.0,NORMAL,2,MartinsvilleRace2Intro,True,False,[],[],None,False,"OverrideDiff_Easy_c(0.0, 1.0)","OverrideDiff_Norm_c(0.0, 1.0)","OverrideDiff_Hard_c(0.0, 1.0)","OverrideDiff_Champ_c(0.0, 1.0)"
RACEDATA_c,7023,,7023,0x30A0,7023,"RACESERIES_c(9670, S_SERIES_SPRINT_CUP, 9671, IMGSPRINTCUP2012.ARC, [], [], 2012, True, None)","RACETYPE_c(1165, 1166, S_MULTI_QUICKRACE_UC)","RACESTARTTYPE_c(1171, 1172)","RACEROUTETYPE_c(1175, 1176)","CUSTOMCAR_c(7533, 7534)",334,43,7024,"EVENT_c(2440, cr000, S_WORLD_TEXAS, texas, None)",S_EVT_AAA_500,"GRIDORDER_c(1717, QUALIFIED, 43)",FULL,34,[],NASCARTROPHY_c(15908),None,131861252,1,"[WEEKENDEVENT_c(9394, None, 1, 1, None, 29.0, 35.0, True), WEEKENDEVENT_c(9395, None, 2, -1, None, 32.0, 29.0, True), WEEKENDEVENT_c(9396, None, 3, 2, None, 26.0, 29.0, True), WEEKENDEVENT_c(9397, None, 4, 3, None, 29.0, 31.0, True), WEEKENDEVENT_c(9398, None, 5, -1, None, 32.0, 34.0, True)]",10.0,40.0,15.0,30.0,NORMAL,2,Texasint,True,False,[],[],None,False,"OverrideDiff_Easy_c(0.0, 1.0)","OverrideDiff_Norm_c(0.0, 1.0)","OverrideDiff_Hard_c(0.0, 1.0)","OverrideDiff_Champ_c(0.0, 1.0)"
RACEDATA_c,7025,,7025,0x314B,7025,"RACESERIES_c(9670, S_SERIES_SPRINT_CUP, 9671, IMGSPRINTCUP2012.ARC, [], [], 2012, True, None)","RACETYPE_c(1165, 1166, S_MULTI_QUICKRACE_UC)","RACESTARTTYPE_c(1171, 1172)","RACEROUTETYPE_c(1175, 1176)","CUSTOMCAR_c(7533, 7534)",312,43,7026,"EVENT_c(1659, cr000, S_EVENT_PHOENIX_DAY, phoenix, None)",S_EVT_CHECKER,"GRIDORDER_c(1717, QUALIFIED, 43)",FULL,35,[],NASCARTROPHY_c(15909),None,131861259,1,"[WEEKENDEVENT_c(14590, None, 1, 1, None, 30.0, 33.0, False), WEEKENDEVENT_c(14591, None, 2, 2, None, 32.0, 36.0, False), WEEKENDEVENT_c(14592, None, 3, -1, None, 31.0, 33.0, False), WEEKENDEVENT_c(14593, None, 4, -1, None, 31.0, 34.0, False)]",10.0,40.0,15.0,30.0,NORMAL,2,PhoenixRace2Int,False,False,[],[],None,False,"OverrideDiff_Easy_c(0.0, 1.0)","OverrideDiff_Norm_c(0.0, 1.0)","OverrideDiff_Hard_c(0.0, 1.0)","OverrideDiff_Champ_c(0.0, 1.0)"
RACEDATA_c,7027,,7027,0x31F6,7027,"RACESERIES_c(9670, S_SERIES_SPRINT_CUP, 9671, IMGSPRINTCUP2012.ARC, [], [], 2012, True, None)","RACETYPE_c(1165, 1166, S_MULTI_QUICKRACE_UC)","RACESTARTTYPE_c(1171, 1172)","RACEROUTETYPE_c(1175, 1176)","CUSTOMCAR_c(7533, 7534)",267,43,7028,"EVENT_c(1629, cr000, S_WORLD_HOMESTEAD, homestead, None)",S_EVT_FORD_400,"GRIDORDER_c(1717, QUALIFIED, 43)",FULL,36,[],NASCARTROPHY_c(15910),None,131861266,1,"[WEEKENDEVENT_c(14578, None, 1, 1, None, 29.0, 31.0, False), WEEKENDEVENT_c(14579, None, 2, 2, None, 30.0, 34.0, False), WEEKENDEVENT_c(14580, None, 3, -1, None, 34.0, 35.0, False), WEEKENDEVENT_c(14581, None, 4, -1, None, 32.0, 29.0, False)]",10.0,40.0,15.0,30.0,NORMAL,2,HomesteadInt,False,False,[],[],None,False,"OverrideDiff_Easy_c(0.0, 1.0)","OverrideDiff_Norm_c(0.0, 1.0)","OverrideDiff_Hard_c(0.0, 1.0)","OverrideDiff_Champ_c(0.0, 1.0)"
RACEDATA_c,7575,,7575,0x32A1,7575,"RACESERIES_c(9670, S_SERIES_SPRINT_CUP, 9671, IMGSPRINTCUP2012.ARC, [], [], 2012, True, None)","RACETYPE_c(7543, 7544, S_ETN_HEADTOHEAD)","RACESTARTTYPE_c(18851, 18852)","RACEROUTETYPE_c(1175, 1176)","CUSTOMCAR_c(7533, 7534)",15,2,7576,"EVENT_c(1002, cr000, S_EVENT_DAYTONA_DAY, daytona, None)",,"GRIDORDER_c(1717, QUALIFIED, 43)",FULL,-1,[],None,"TELEMETRYEVENTDATA_c(7627, , None, 0.0, None, None, None, S_BLANK, False, False, False, [], 0.0, [], [], , False, Always Telemetry, [], Easy, )",131072257,1,[],10.0,40.0,15.0,30.0,NORMAL,2,,False,False,[],[],None,False,"OverrideDiff_Easy_c(0.0, 1.0)","OverrideDiff_Norm_c(0.0, 1.0)","OverrideDiff_Hard_c(0.0, 1.0)","OverrideDiff_Champ_c(0.0, 1.0)"
RACEDATA_c,7577,,7577,0x334C,7577,"RACESERIES_c(9670, S_SERIES_SPRINT_CUP, 9671, IMGSPRINTCUP2012.ARC, [], [], 2012, True, None)","RACETYPE_c(7545, 7546, S_OPTION_RELIVEORREWRITE)","RACESTARTTYPE_c(18851, 18852)","RACEROUTETYPE_c(1175, 1176)","CUSTOMCAR_c(7533, 7534)",5,43,7578,"EVENT_c(1002, cr000, S_EVENT_DAYTONA_DAY, daytona, None)",,"GRIDORDER_c(1717, QUALIFIED, 43)",FULL,-1,[],None,"TELEMETRYEVENTDATA_c(7627, , None, 0.0, None, None, None, S_BLANK, False, False, False, [], 0.0, [], [], , False, Always Telemetry, [], Easy, )",131072257,1,[],10.0,40.0,15.0,30.0,NORMAL,2,,False,False,[],[],None,False,"OverrideDiff_Easy_c(0.0, 1.0)","OverrideDiff_Norm_c(0.0, 1.0)","OverrideDiff_Hard_c(0.0, 1.0)","OverrideDiff_Champ_c(0.0, 1.0)"
RACEDATA_c,7579,,7579,0x33F7,7579,"RACESERIES_c(9670, S_SERIES_SPRINT_CUP, 9671, IMGSPRINTCUP2012.ARC, [], [], 2012, True, None)","RACETYPE_c(7547, 7548, S_OPTION_RELIVEORREWRITE)","RACESTARTTYPE_c(18851, 18852)","RACEROUTETYPE_c(1175, 1176)","CUSTOMCAR_c(7533, 7534)",5,43,7580,"EVENT_c(1002, cr000, S_EVENT_DAYTONA_DAY, daytona, None)",,"GRIDORDER_c(1717, QUALIFIED, 43)",FULL,-1,[],None,"TELEMETRYEVENTDATA_c(7627, , None, 0.0, None, None, None, S_BLANK, False, False, False, [], 0.0, [], [], , False, Always Telemetry, [], Easy, )",131072257,1,[],10.0,40.0,15.0,30.0,NORMAL,2,,False,False,[],[],None,False,"OverrideDiff_Easy_c(0.0, 1.0)","OverrideDiff_Norm_c(0.0, 1.0)","OverrideDiff_Hard_c(0.0, 1.0)","OverrideDiff_Champ_c(0.0, 1.0)"
RACEDATA_c,8237,,8237,0x34A2,8237,"RACESERIES_c(9670, S_SERIES_SPRINT_CUP, 9671, IMGSPRINTCUP2012.ARC, [], [], 2012, True, None)","RACETYPE_c(1165, 1166, S_MULTI_QUICKRACE_UC)","RACESTARTTYPE_c(1171, 1172)","RACEROUTETYPE_c(1175, 1176)","CUSTOMCAR_c(7533, 7534)",267,43,8238,"EVENT_c(2524, cr000, S_WORLD_KANSAS_CITY, Kansas, None)",S_EVT_STP_400,"GRIDORDER_c(1717, QUALIFIED, 43)",FULL,8,[],NASCARTROPHY_c(15881),None,131859478,1,"[WEEKENDEVENT_c(8464, None, 1, 1, None, 26.0, 31.0, False), WEEKENDEVENT_c(8465, None, 2, 2, None, 27.0, 32.0, False), WEEKENDEVENT_c(8466, None, 3, -1, None, 28.0, 32.0, False), WEEKENDEVENT_c(8467, None, 4, -1, None, 27.0, 32.0, False)]",10.0,40.0,15.0,30.0,NORMAL,2,kansasint,False,False,[],[],None,False,"OverrideDiff_Easy_c(0.0, 1.0)","OverrideDiff_Norm_c(0.0, 1.0)","OverrideDiff_Hard_c(0.0, 1.0)","OverrideDiff_Champ_c(0.0, 1.0)"
RACEDATA_c,8239,,8239,0x354D,8239,"RACESERIES_c(9670, S_SERIES_SPRINT_CUP, 9671, IMGSPRINTCUP2012.ARC, [], [], 2012, True, None)","RACETYPE_c(1165, 1166, S_MULTI_QUICKRACE_UC)","RACESTARTTYPE_c(1171, 1172)","RACEROUTETYPE_c(1175, 1176)","CUSTOMCAR_c(7533, 7534)",188,43,8240,"EVENT_c(1763, cr000, S_WORLD_TALLADEGA, talladega, None)",S_EVT_AARONS_499,"GRIDORDER_c(1717, QUALIFIED, 43)",FULL,10,[],NASCARTROPHY_c(15883),None,131859718,1,"[WEEKENDEVENT_c(8476, None, 1, 1, None, 25.0, 31.0, False), WEEKENDEVENT_c(8477, None, 2, 2, None, 28.0, 33.0, False), WEEKENDEVENT_c(8478, None, 3, -1, None, 27.0, 33.0, False), WEEKENDEVENT_c(8479, None, 4, -1, None, 27.0, 33.0, False)]",10.0,40.0,15.0,30.0,NORMAL,2,TalInt,False,False,[],[],None,False,"OverrideDiff_Easy_c(0.0, 1.0)","OverrideDiff_Norm_c(0.0, 1.0)","OverrideDiff_Hard_c(0.0, 1.0)","OverrideDiff_Champ_c(0.0, 1.0)"
RACEDATA_c,8241,,8241,0x35F8,8241,"RACESERIES_c(9670, S_SERIES_SPRINT_CUP, 9671, IMGSPRINTCUP2012.ARC, [], [], 2012, True, None)","RACETYPE_c(1165, 1166, S_MULTI_QUICKRACE_UC)","RACESTARTTYPE_c(1171, 1172)","RACEROUTETYPE_c(1175, 1176)","CUSTOMCAR_c(7533, 7534)",367,43,8242,"EVENT_c(11234, cr000, S_EVENT_DARLINGTON_NIGHT, darlington, None)",S_EVT_SOUTHERN_500,"GRIDORDER_c(1717, QUALIFIED, 43)",FULL,11,[],NASCARTROPHY_c(15884),None,131859724,1,"[WEEKENDEVENT_c(8480, None, 1, 1, None, 24.0, 30.0, False), WEEKENDEVENT_c(8481, None, 2, 2, None, 25.0, 31.0, False), WEEKENDEVENT_c(8482, None, 3, -1, None, 24.0, 30.0, False), WEEKENDEVENT_c(8483, None, 5, -1, None, 31.0, 24.0, True), WEEKENDEVENT_c(18282, None, 4, -1, None, 0.0, 0.0, True)]",10.0,40.0,15.0,30.0,NORMAL,2,DarlInt,False,False,[],[],"WORLDSCRIPT_c(1631, 1632, S_WORLD_DARLINGTON, 25.0, 1.366, None, S_WORLD_LOC_DARLINGTON, None, None, False, 9, 30, 68000, 127796243, [], 27.831, None, S_HDRIVER_D_PEARSON, S_HDRIVER_R_PETTY, S_DRIVER_K_BUSCH_01, S_DRIVER_M_KENSETH, False, S_TB_DARLINGTON, 20.0, 23.0, False, 31.354, 29.99, 28.627, 181.918, 141.383, 62, False, None, S_DRIVER_B_ELLIOT, [], 29.285, 30.821, 32.224, 19.0, 28.0, 34.178, 32.984, 31.875, 30.175, 0.99, Darlington)",False,"OverrideDiff_Easy_c(0.0, 1.0)","OverrideDiff_Norm_c(0.0, 1.0)","OverrideDiff_Hard_c(0.0, 1.0)","OverrideDiff_Champ_c(0.0, 1.0)"
RACEDATA_c,8243,,8243,0x36A3,8243,"RACESERIES_c(9670, S_SERIES_SPRINT_CUP, 9671, IMGSPRINTCUP2012.ARC, [], [], 2012, True, None)","RACETYPE_c(1165, 1166, S_MULTI_QUICKRACE_UC)","RACESTARTTYPE_c(1171, 1172)","RACEROUTETYPE_c(1175, 1176)","CUSTOMCAR_c(7533, 7534)",400,43,8244,"EVENT_c(1460, cr000, S_WORLD_DOVER, dover, None)",S_EVT_FEDEX_400,"GRIDORDER_c(1717, QUALIFIED, 43)",FULL,13,[],NASCARTROPHY_c(15887),None,131859971,1,"[WEEKENDEVENT_c(8489, None, 1, 1, None, 17.0, 24.0, False), WEEKENDEVENT_c(8490, None, 2, 2, None, 19.0, 28.0, False), WEEKENDEVENT_c(8491, None, 3, -1, None, 20.0, 28.0, False), WEEKENDEVENT_c(8492, None, 4, -1, None, 21.0, 28.0, False)]",10.0,40.0,15.0,30.0,NORMAL,2,DoverInt,False,False,[],[],None,False,"OverrideDiff_Easy_c(0.0, 1.0)","OverrideDiff_Norm_c(0.0, 1.0)","OverrideDiff_Hard_c(0.0, 1.0)","OverrideDiff_Champ_c(0.0, 1.0)"
RACEDATA_c,8245,,8245,0x374E,8245,"RACESERIES_c(9670, S_SERIES_SPRINT_CUP, 9671, IMGSPRINTCUP2012.ARC, [], [], 2012, True, None)","RACETYPE_c(1165, 1166, S_MULTI_QUICKRACE_UC)","RACESTARTTYPE_c(1171, 1172)","RACEROUTETYPE_c(1175, 1176)","CUSTOMCAR_c(7533, 7534)",267,43,8246,"EVENT_c(12749, cr000, S_EVENT_KENTUCKY_NIGHT, Kentucky, None)",S_EVT_QUAKER_STATE_400,"GRIDORDER_c(1717, QUALIFIED, 43)",FULL,17,[],NASCARTROPHY_c(15891),None,131859998,1,"[WEEKENDEVENT_c(8506, None, 1, 1, None, 28.0, 33.0, False), WEEKENDEVENT_c(8507, None, 2, 2, None, 26.0, 31.0, False), WEEKENDEVENT_c(8508, None, 3, -1, None, 29.0, 35.0, False), WEEKENDEVENT_c(8509, None, 5, -1, None, 32.0, 27.0, True), WEEKENDEVENT_c(18305, None, 4, -1, None, 0.0, 0.0, True)]",10.0,40.0,15.0,30.0,NORMAL,2,KentInt,False,False,[],[],"WORLDSCRIPT_c(5417, 5418, S_WORLD_KENTUCKY, 14.0, 1.5, None, S_WORLD_LOC_KENTUCKY, None, None, False, 17, 49, 107000, 131794697, [], 30.254, None, S_DRIVER_B_KESELOWSKI, S_DRIVER_K_BUSCH_02, S_DRIVER_D_EARNHARDT_JR, S_DRIVER_B_KESELOWSKI, False, S_TB_KENTUCKY, 26.0, 26.0, True, 33.0, 32.0, 30.8, 183.636, 145.607, 80, False, None, -, [], 31.221, 32.91, 33.989, 19.0, 29.0, 36.143, 34.875, 33.256, 31.899, 0.98, Kentucky)",False,"OverrideDiff_Easy_c(0.0, 1.0)","OverrideDiff_Norm_c(0.0, 1.0)","OverrideDiff_Hard_c(0.0, 1.0)","OverrideDiff_Champ_c(0.0, 1.0)"
RACEDATA_c,8247,,8247,0x37F9,8247,"RACESERIES_c(9670, S_SERIES_SPRINT_CUP, 9671, IMGSPRINTCUP2012.ARC, [], [], 2012, True, None)","RACETYPE_c(1165, 1166, S_MULTI_QUICKRACE_UC)","RACESTARTTYPE_c(1171, 1172)","RACEROUTETYPE_c(1175, 1176)","CUSTOMCAR_c(7533, 7534)",160,43,8248,"EVENT_c(5413, cr000, S_EVENT_DAYTONA_NIGHT, daytona, None)",S_EVT_COKE_ZERO_400,"GRIDORDER_c(1717, QUALIFIED, 43)",FULL,18,[],NASCARTROPHY_c(15892),None,131860231,1,"[WEEKENDEVENT_c(8510, None, 1, 1, None, 29.0, 31.0, True), WEEKENDEVENT_c(8511, None, 2, 2, None, 31.0, 29.0, True), WEEKENDEVENT_c(8512, None, 3, -1, None, 31.0, 30.0, True), WEEKENDEVENT_c(8513, None, 5, -1, None, 33.0, 29.0, True), WEEKENDEVENT_c(18280, None, 4, -1, None, 0.0, 0.0, True)]",10.0,40.0,15.0,30.0,NORMAL,2,DaytonaIntroNight,True,False,[],[],"WORLDSCRIPT_c(1180, 1181, S_WORLD_DAYTONA_BEACH, 31.0, 2.5, None, S_WORLD_LOC_DAYTONA_BEACH, None, None, False, 10, 31, 168000, 128385558, [], 47.816879, None, S_HDRIVER_R_PETTY, S_HDRIVER_R_PETTY, S_DRIVER_B_ELLIOT, S_HDRIVER_B_BAKER, False, S_TB_DAYTONA, 15.0, 22.0, False, 54.135, 51.781, 49.428, 210.364, 177.602, 63, False, None, S_HDRIVER_R_PETTY, [], 49.149963, 52.916748, 54.916748, 12.0, 27.0, 56.883789, 55.383667, 52.383545, 48.800073, 0.97, Daytona)",False,"OverrideDiff_Easy_c(0.0, 1.0)","OverrideDiff_Norm_c(0.0, 1.0)","OverrideDiff_Hard_c(0.0, 1.0)","OverrideDiff_Champ_c(0.0, 1.0)"
RACEDATA_c,8249,,8249,0x38A4,8249,"RACESERIES_c(9670, S_SERIES_SPRINT_CUP, 9671, IMGSPRINTCUP2012.ARC, [], [], 2012, True, None)","RACETYPE_c(1165, 1166, S_MULTI_QUICKRACE_UC)","RACESTARTTYPE_c(1171, 1172)","RACEROUTETYPE_c(1175, 1176)","CUSTOMCAR_c(7533, 7534)",188,43,8250,"EVENT_c(1763, cr000, S_WORLD_TALLADEGA, talladega, None)",S_EVT_TALLADEGA_500,"GRIDORDER_c(1717, QUALIFIED, 43)",FULL,30,[],NASCARTROPHY_c(15904),None,131860999,1,"[WEEKENDEVENT_c(9359, None, 1, 1, None, 27.0, 30.0, True), WEEKENDEVENT_c(9360, None, 2, 2, None, 29.0, 34.0, True), WEEKENDEVENT_c(9361, None, 3, -1, None, 32.0, 34.0, True), WEEKENDEVENT_c(9362, None, 4, -1, None, 28.0, 33.0, True)]",10.0,40.0,15.0,30.0,NORMAL,2,TalRace2Int,True,False,[],[],None,False,"OverrideDiff_Easy_c(0.0, 1.0)","OverrideDiff_Norm_c(0.0, 1.0)","OverrideDiff_Hard_c(0.0, 1.0)","OverrideDiff_Champ_c(0.0, 1.0)"
RACEDATA_c,8251,,8251,0x394F,8251,"RACESERIES_c(9670, S_SERIES_SPRINT_CUP, 9671, IMGSPRINTCUP2012.ARC, [], [], 2012, True, None)","RACETYPE_c(1165, 1166, S_MULTI_QUICKRACE_UC)","RACESTARTTYPE_c(1171, 1172)","RACEROUTETYPE_c(1175, 1176)","CUSTOMCAR_c(7533, 7534)",267,43,8252,"EVENT_c(2524, cr000, S_WORLD_KANSAS_CITY, Kansas, None)",S_EVT_CASINO_400,"GRIDORDER_c(1717, QUALIFIED, 43)",FULL,32,[],NASCARTROPHY_c(15906),None,131861013,1,"[WEEKENDEVENT_c(9383, None, 1, 1, None, 29.0, 34.0, False), WEEKENDEVENT_c(9384, None, 2, -1, None, 31.0, 29.0, False), WEEKENDEVENT_c(9385, None, 3, 2, None, 28.0, 32.0, False), WEEKENDEVENT_c(9386, None, 4, 3, None, 32.0, 35.0, False), WEEKENDEVENT_c(9387, None, 5, -1, None, 32.0, 36.0, False)]",10.0,40.0,15.0,30.0,NORMAL,2,KansasRace2Int,True,False,[],[],None,False,"OverrideDiff_Easy_c(0.0, 1.0)","OverrideDiff_Norm_c(0.0, 1.0)","OverrideDiff_Hard_c(0.0, 1.0)","OverrideDiff_Champ_c(0.0, 1.0)"
RACEDATA_c,8256,,8256,0x39FA,8256,"RACESERIES_c(9670, S_SERIES_SPRINT_CUP, 9671, IMGSPRINTCUP2012.ARC, [], [], 2012, True, None)","RACETYPE_c(1165, 1166, S_MULTI_QUICKRACE_UC)","RACESTARTTYPE_c(1171, 1172)","RACEROUTETYPE_c(1175, 1176)","CUSTOMCAR_c(7533, 7534)",325,43,8257,"EVENT_c(5408, cr000, S_EVENT_ATLANTA_DAY, atlanta, None)",S_EVT_ADVOCARE_500,"GRIDORDER_c(1717, QUALIFIED, 43)",FULL,-1,[],None,None,131860738,1,[],10.0,40.0,15.0,30.0,NORMAL,2,,False,True,[],[],None,False,"OverrideDiff_Easy_c(0.0, 1.0)","OverrideDiff_Norm_c(0.0, 1.0)","OverrideDiff_Hard_c(0.0, 1.0)","OverrideDiff_Champ_c(0.0, 1.0)"
RACEDATA_c,10525,,10525,0x3AA5,10525,"RACESERIES_c(9670, S_SERIES_SPRINT_CUP, 9671, IMGSPRINTCUP2012.ARC, [], [], 2012, True, None)","RACETYPE_c(10523, 10524, S_IVT_DRIVER_DUEL)","RACESTARTTYPE_c(18851, 18852)","RACEROUTETYPE_c(1175, 1176)","CUSTOMCAR_c(7533, 7534)",10,43,10526,"EVENT_c(1637, cr000, S_WORLD_RICHMOND, richmond, None)",S_IVT_DRIVER_DUEL,"GRIDORDER_c(1717, QUALIFIED, 43)",FULL,-1,"[DRIVERCONFIG_c(11439, None, None, None, None, None, None, None, True, None, None, 2012_CASSILL, 129106177), DRIVERCONFIG_c(17542, None, None, None, None, None, None, None, True, None, None, 2012_DILLON, 129106177), DRIVERCONFIG_c(9632, None, None, None, None, None, None, None, True, None, None, 2012_GORDONROBBY, 129106177), DRIVERCONFIG_c(9661, None, None, None, None, None, None, None, True, None, None, 2012_KVAPIL, 129106177), DRIVERCONFIG_c(11442, None, None, None, None, None, None, None, True, None, None, 2012_MCDOWELL, 129106177), DRIVERCONFIG_c(11437, None, None, None, None, None, None, None, True, None, None, 2012_NEMECHEK, 129106177), DRIVERCONFIG_c(11436, None, None, None, None, None, None, None, True, None, None, 2012_SPEED, 129106177), DRIVERCONFIG_c(9637, None, None, None, None, None, None, None, True, None, None, 2012_STENHOUSE, 129106177), DRIVERCONFIG_c(9659, None, None, None, None, None, None, None, True, None, None, 2012_WISE, 129106177)]",None,None,131859482,1,[],15.0,40.0,15.0,30.0,NORMAL,2,,False,False,"[DRIVERCONFIG_c(9652, None, None, None, None, None, None, None, True, None, None, 2012_ALMIROLA, 129106177), DRIVERCONFIG_c(9658, None, None, None, None, None, None, None, True, None, None, 2012_AMBROSE, 129106177), DRIVERCONFIG_c(9660, None, None, None, None, None, None, None, True, None, None, 2012_BUSCHKURT, 131334401), DRIVERCONFIG_c(9641, None, None, None, None, None, None, None, True, None, None, 2012_KAHNE, 129106177), DRIVERCONFIG_c(9627, None, None, None, None, None, None, None, True, None, None, 2012_LOGANO, 129106177), DRIVERCONFIG_c(9654, None, None, None, None, None, None, None, True, None, None, 2012_MCMURRAY, 129106177), DRIVERCONFIG_c(9626, None, None, None, None, None, None, None, True, None, None, 2012_MENARD, 129106177), DRIVERCONFIG_c(9622, None, None, None, None, None, None, None, True, None, None, 2012_PATRICK, 129106177), DRIVERCONFIG_c(9656, None, None, None, None, None, None, None, True, None, None, 2012_RAGAN, 129106177), DRIVERCONFIG_c(9624, None, None, None, None, None, None, None, True, None, None, 2012_TRUEXMARTIN, 129106177)]","[DRIVERCONFIG_c(9650, None, None, None, None, None, None, None, True, None, None, 2012_BOWYER, 129106177), DRIVERCONFIG_c(9645, None, None, None, None, None, None, None, True, None, None, 2012_BURTON, 129106177), DRIVERCONFIG_c(9647, None, None, None, None, None, None, None, True, None, None, 2012_BUSCHKYLE, 129106177), DRIVERCONFIG_c(9643, None, None, None, None, None, None, None, True, None, None, 2012_EARNHARDT, 129106177), DRIVERCONFIG_c(9623, None, None, None, None, None, None, None, True, None, None, 2012_EDWARDS, 129106177), DRIVERCONFIG_c(9653, None, None, None, None, None, None, None, True, None, None, 2012_GORDONJEFF, 129106177), DRIVERCONFIG_c(9629, None, None, None, None, None, None, None, True, None, None, 2012_HAMLIN, 129106177), DRIVERCONFIG_c(9631, None, None, None, None, None, None, None, True, None, None, 2012_HARVICK, 129106177), DRIVERCONFIG_c(9635, None, None, None, None, None, None, None, True, None, None, 2012_JOHNSON, 131727617), DRIVERCONFIG_c(9636, None, None, None, None, None, None, None, True, None, None, 2012_KENSETH, 131268865), DRIVERCONFIG_c(9621, None, None, None, None, None, None, None, True, None, None, 2012_KESELOWSKI, 129106177), DRIVERCONFIG_c(9655, None, None, None, None, None, None, None, True, None, None, 2012_MONTOYA, 129106177), DRIVERCONFIG_c(9630, None, None, None, None, None, None, None, True, None, None, 2012_NEWMAN, 129106177)]",None,False,"OverrideDiff_Easy_c(0.0, 1.0)","OverrideDiff_Norm_c(0.0, 1.0)","OverrideDiff_Hard_c(0.0, 1.0)","OverrideDiff_Champ_c(0.0, 1.0)"
RACEDATA_c,11237,,11237,0x3B50,11237,"RACESERIES_c(9670, S_SERIES_SPRINT_CUP, 9671, IMGSPRINTCUP2012.ARC, [], [], 2012, True, None)","RACETYPE_c(1165, 1166, S_MULTI_QUICKRACE_UC)","RACESTARTTYPE_c(1171, 1172)","RACEROUTETYPE_c(1175, 1176)","CUSTOMCAR_c(7533, 7534)",367,43,11238,"EVENT_c(1633, cr000, S_WORLD_DARLINGTON, darlington, None)",S_EVT_SOUTHERN_500,"GRIDORDER_c(1717, QUALIFIED, 43)",FULL,-1,[],None,None,131859724,1,"[WEEKENDEVENT_c(8480, None, 1, 1, None, 24.0, 30.0, False), WEEKENDEVENT_c(8481, None, 2, 2, None, 25.0, 31.0, False), WEEKENDEVENT_c(8482, None, 3, -1, None, 24.0, 30.0, False), WEEKENDEVENT_c(8483, None, 5, -1, None, 31.0, 24.0, True)]",10.0,40.0,15.0,30.0,NORMAL,2,,False,True,[],[],None,False,"OverrideDiff_Easy_c(0.0, 1.0)","OverrideDiff_Norm_c(0.0, 1.0)","OverrideDiff_Hard_c(0.0, 1.0)","OverrideDiff_Champ_c(0.0, 1.0)"
RACEDATA_c,11245,,11245,0x3BFB,11245,"RACESERIES_c(9670, S_SERIES_SPRINT_CUP, 9671, IMGSPRINTCUP2012.ARC, [], [], 2012, True, None)","RACETYPE_c(1165, 1166, S_MULTI_QUICKRACE_UC)","RACESTARTTYPE_c(1171, 1172)","RACEROUTETYPE_c(1175, 1176)","CUSTOMCAR_c(7533, 7534)",400,43,11246,"EVENT_c(1527, cr000, S_WORLD_CHARLOTTE, lowes, None)",S_EVT_COCA_COLA_600,"GRIDORDER_c(1717, QUALIFIED, 43)",FULL,-1,[],None,None,131859739,1,"[WEEKENDEVENT_c(8484, None, 1, 1, None, 25.0, 30.0, False), WEEKENDEVENT_c(8485, None, 2, -1, None, 22.0, 28.0, False), WEEKENDEVENT_c(8486, None, 3, 2, None, 20.0, 24.0, False), WEEKENDEVENT_c(8487, None, 4, 3, None, 26.0, 31.0, False), WEEKENDEVENT_c(8488, None, 6, -1, None, 29.0, 22.0, False)]",10.0,40.0,15.0,30.0,NORMAL,2,,False,True,[],[],None,False,"OverrideDiff_Easy_c(0.0, 1.0)","OverrideDiff_Norm_c(0.0, 1.0)","OverrideDiff_Hard_c(0.0, 1.0)","OverrideDiff_Champ_c(0.0, 1.0)"
RACEDATA_c,11428,,11428,0x3CA6,11428,"RACESERIES_c(9670, S_SERIES_SPRINT_CUP, 9671, IMGSPRINTCUP2012.ARC, [], [], 2012, True, None)","RACETYPE_c(1165, 1166, S_MULTI_QUICKRACE_UC)","RACESTARTTYPE_c(1171, 1172)","RACEROUTETYPE_c(1175, 1176)","CUSTOMCAR_c(7533, 7534)",334,43,11429,"EVENT_c(2440, cr000, S_WORLD_TEXAS, texas, None)",S_EVT_SAMSUNG_500,"GRIDORDER_c(1717, QUALIFIED, 43)",FULL,-1,[],None,None,131859470,1,"[WEEKENDEVENT_c(8456, None, 1, 1, None, 27.0, 34.0, False), WEEKENDEVENT_c(8457, None, 2, 2, None, 29.0, 35.0, False), WEEKENDEVENT_c(8458, None, 3, -1, None, 27.0, 33.0, False), WEEKENDEVENT_c(8459, None, 5, -1, None, 29.0, 23.0, False)]",10.0,40.0,15.0,30.0,NORMAL,2,Texasint,False,True,[],[],None,False,"OverrideDiff_Easy_c(0.0, 1.0)","OverrideDiff_Norm_c(0.0, 1.0)","OverrideDiff_Hard_c(0.0, 1.0)","OverrideDiff_Champ_c(0.0, 1.0)"
RACEDATA_c,12293,,12293,0x3D51,12293,"RACESERIES_c(9670, S_SERIES_SPRINT_CUP, 9671, IMGSPRINTCUP2012.ARC, [], [], 2012, True, None)","RACETYPE_c(1165, 1166, S_MULTI_QUICKRACE_UC)","RACESTARTTYPE_c(1171, 1172)","RACEROUTETYPE_c(1175, 1176)","CUSTOMCAR_c(7533, 7534)",400,43,12294,"EVENT_c(1637, cr000, S_WORLD_RICHMOND, richmond, None)",S_EVT_HANSEN_400,"GRIDORDER_c(1717, QUALIFIED, 43)",FULL,-1,[],None,None,131859484,1,"[WEEKENDEVENT_c(8468, None, 1, 1, None, 24.0, 29.0, False), WEEKENDEVENT_c(8469, None, 2, 2, None, 26.0, 31.0, False), WEEKENDEVENT_c(8470, None, 3, -1, None, 22.0, 29.0, False), WEEKENDEVENT_c(8471, None, 5, -1, None, 28.0, 23.0, False)]",10.0,40.0,15.0,30.0,NORMAL,2,,False,True,[],[],None,False,"OverrideDiff_Easy_c(0.0, 1.0)","OverrideDiff_Norm_c(0.0, 1.0)","OverrideDiff_Hard_c(0.0, 1.0)","OverrideDiff_Champ_c(0.0, 1.0)"
RACEDATA_c,12530,,12530,0x3DFC,12530,"RACESERIES_c(9670, S_SERIES_SPRINT_CUP, 9671, IMGSPRINTCUP2012.ARC, [], [], 2012, True, None)","RACETYPE_c(10523, 10524, S_IVT_DRIVER_DUEL)","RACESTARTTYPE_c(18851, 18852)","RACEROUTETYPE_c(1175, 1176)","CUSTOMCAR_c(7533, 7534)",10,43,12531,"EVENT_c(1671, cr000, S_WORLD_MARTINSVILLE, martinsville, None)",S_IVT_DRIVER_DUEL,"GRIDORDER_c(1717, QUALIFIED, 43)",FULL,-1,"[DRIVERCONFIG_c(9662, None, None, None, None, None, None, None, True, None, None, 2012_BAYNE, 129106177), DRIVERCONFIG_c(11438, None, None, None, None, None, None, None, True, None, None, 2012_BLANEY, 129106177), DRIVERCONFIG_c(9640, None, None, None, None, None, None, None, True, None, None, 2012_GILLILAND, 129106177), DRIVERCONFIG_c(9661, None, None, None, None, None, None, None, True, None, None, 2012_KVAPIL, 129106177), DRIVERCONFIG_c(9628, None, None, None, None, None, None, None, True, None, None, 2012_LABONTEBOBBY, 129106177), DRIVERCONFIG_c(11441, None, None, None, None, None, None, None, True, None, None, 2012_MEARS, 129106177), DRIVERCONFIG_c(9637, None, None, None, None, None, None, None, True, None, None, 2012_STENHOUSE, 129106177)]",None,None,131860482,1,[],15.0,40.0,15.0,30.0,NORMAL,2,,False,False,"[DRIVERCONFIG_c(9650, None, None, None, None, None, None, None, True, None, None, 2012_BOWYER, 129106177), DRIVERCONFIG_c(9645, None, None, None, None, None, None, None, True, None, None, 2012_BURTON, 129106177), DRIVERCONFIG_c(9643, None, None, None, None, None, None, None, True, None, None, 2012_EARNHARDT, 129106177), DRIVERCONFIG_c(9623, None, None, None, None, None, None, None, True, None, None, 2012_EDWARDS, 129106177), DRIVERCONFIG_c(9621, None, None, None, None, None, None, None, True, None, None, 2012_KESELOWSKI, 129106177), DRIVERCONFIG_c(9655, None, None, None, None, None, None, None, True, None, None, 2012_MONTOYA, 129106177)]","[DRIVERCONFIG_c(9648, None, None, None, None, None, None, None, True, None, None, 2012_BIFFLE, 129106177), DRIVERCONFIG_c(9650, None, None, None, None, None, None, None, True, None, None, 2012_BOWYER, 129106177), DRIVERCONFIG_c(9660, None, None, None, None, None, None, None, True, None, None, 2012_BUSCHKURT, 131334401), DRIVERCONFIG_c(9647, None, None, None, None, None, None, None, True, None, None, 2012_BUSCHKYLE, 129106177), DRIVERCONFIG_c(9653, None, None, None, None, None, None, None, True, None, None, 2012_GORDONJEFF, 129106177), DRIVERCONFIG_c(9629, None, None, None, None, None, None, None, True, None, None, 2012_HAMLIN, 129106177), DRIVERCONFIG_c(9631, None, None, None, None, None, None, None, True, None, None, 2012_HARVICK, 129106177), DRIVERCONFIG_c(9635, None, None, None, None, None, None, None, True, None, None, 2012_JOHNSON, 131727617), DRIVERCONFIG_c(9641, None, None, None, None, None, None, None, True, None, None, 2012_KAHNE, 129106177), DRIVERCONFIG_c(9636, None, None, None, None, None, None, None, True, None, None, 2012_KENSETH, 131268865), DRIVERCONFIG_c(9639, None, None, None, None, None, None, None, True, None, None, 2012_STEWART, 131793153)]",None,False,"OverrideDiff_Easy_c(0.0, 1.0)","OverrideDiff_Norm_c(0.0, 1.0)","OverrideDiff_Hard_c(0.0, 1.0)","OverrideDiff_Champ_c(0.0, 1.0)"
RACEDATA_c,12532,,12532,0x3EA7,12532,"RACESERIES_c(9670, S_SERIES_SPRINT_CUP, 9671, IMGSPRINTCUP2012.ARC, [], [], 2012, True, None)","RACETYPE_c(10523, 10524, S_IVT_DRIVER_DUEL)","RACESTARTTYPE_c(18851, 18852)","RACEROUTETYPE_c(1175, 1176)","CUSTOMCAR_c(7533, 7534)",10,43,12533,"EVENT_c(1460, cr000, S_WORLD_DOVER, dover, None)",S_IVT_DRIVER_DUEL,"GRIDORDER_c(1717, QUALIFIED, 43)",FULL,-1,"[DRIVERCONFIG_c(9660, None, None, None, None, None, None, None, True, None, None, 2012_BUSCHKURT, 131334401), DRIVERCONFIG_c(9643, None, None, None, None, None, None, None, True, None, None, 2012_EARNHARDT, 129106177), DRIVERCONFIG_c(9655, None, None, None, None, None, None, None, True, None, None, 2012_MONTOYA, 129106177), DRIVERCONFIG_c(9630, None, None, None, None, None, None, None, True, None, None, 2012_NEWMAN, 129106177)]",None,None,131860763,1,[],15.0,40.0,15.0,30.0,NORMAL,2,,False,False,"[DRIVERCONFIG_c(9645, None, None, None, None, None, None, None, True, None, None, 2012_BURTON, 129106177), DRIVERCONFIG_c(9623, None, None, None, None, None, None, None, True, None, None, 2012_EDWARDS, 129106177), DRIVERCONFIG_c(9636, None, None, None, None, None, None, None, True, None, None, 2012_KENSETH, 131268865)]","[DRIVERCONFIG_c(9650, None, None, None, None, None, None, None, True, None, None, 2012_BOWYER, 129106177), DRIVERCONFIG_c(9647, None, None, None, None, None, None, None, True, None, None, 2012_BUSCHKYLE, 129106177), DRIVERCONFIG_c(9653, None, None, None, None, None, None, None, True, None, None, 2012_GORDONJEFF, 129106177), DRIVERCONFIG_c(9629, None, None, None, None, None, None, None, True, None, None, 2012_HAMLIN, 129106177), DRIVERCONFIG_c(9631, None, None, None, None, None, None, None, True, None, None, 2012_HARVICK, 129106177), DRIVERCONFIG_c(9635, None, None, None, None, None, None, None, True, None, None, 2012_JOHNSON, 131727617)]",None,False,"OverrideDiff_Easy_c(0.0, 1.0)","OverrideDiff_Norm_c(0.0, 1.0)","OverrideDiff_Hard_c(0.0, 1.0)","OverrideDiff_Champ_c(0.0, 1.0)"
RACEDATA_c,12540,,12540,0x3F52,12540,"RACESERIES_c(9670, S_SERIES_SPRINT_CUP, 9671, IMGSPRINTCUP2012.ARC, [], [], 2012, True, None)","RACETYPE_c(7700, 7701, S_EVT_SHOOTOUT)","RACESTARTTYPE_c(1171, 1172)","RACEROUTETYPE_c(1175, 1176)","CUSTOMCAR_c(7533, 7534)",75,28,12541,"EVENT_c(5413, cr000, S_EVENT_DAYTONA_NIGHT, daytona, None)",S_EVT_SHOOTOUT,"GRIDORDER_c(1717, QUALIFIED, 43)",FULL,100,[],None,None,131793425,1,"[WEEKENDEVENT_c(18768, None, 3, -1, None, 0.0, 0.0, False), WEEKENDEVENT_c(14749, None, 1, 1, None, 23.0, 21.0, False), WEEKENDEVENT_c(14750, None, 2, 2, None, 19.0, 17.0, False), WEEKENDEVENT_c(12538, None, 4, -1, None, 22.0, 20.0, False), WEEKENDEVENT_c(12539, None, 5, -1, None, 20.0, 17.0, False)]",15.0,40.0,15.0,30.0,NORMAL,2,AltDaytonaInt2,False,False,[],[],"WORLDSCRIPT_c(1180, 1181, S_WORLD_DAYTONA_BEACH, 31.0, 2.5, None, S_WORLD_LOC_DAYTONA_BEACH, None, None, False, 10, 31, 168000, 128385558, [], 47.816879, None, S_HDRIVER_R_PETTY, S_HDRIVER_R_PETTY, S_DRIVER_B_ELLIOT, S_HDRIVER_B_BAKER, False, S_TB_DAYTONA, 15.0, 22.0, False, 54.135, 51.781, 49.428, 210.364, 177.602, 63, False, None, S_HDRIVER_R_PETTY, [], 49.149963, 52.916748, 54.916748, 12.0, 27.0, 56.883789, 55.383667, 52.383545, 48.800073, 0.97, Daytona)",False,"OverrideDiff_Easy_c(0.0, 1.0)","OverrideDiff_Norm_c(0.0, 1.0)","OverrideDiff_Hard_c(0.0, 1.0)","OverrideDiff_Champ_c(0.0, 1.0)"
RACEDATA_c,12551,,12551,0x3FFD,12551,"RACESERIES_c(9670, S_SERIES_SPRINT_CUP, 9671, IMGSPRINTCUP2012.ARC, [], [], 2012, True, None)","RACETYPE_c(7702, 7703, S_EVT_DAYTONA_DUEL)","RACESTARTTYPE_c(1171, 1172)","RACEROUTETYPE_c(1175, 1176)","CUSTOMCAR_c(7533, 7534)",0,43,12552,"EVENT_c(1002, cr000, S_EVENT_DAYTONA_DAY, daytona, None)",,"GRIDORDER_c(1717, QUALIFIED, 43)",FULL,1,[],None,None,131793427,1,"[WEEKENDEVENT_c(12547, None, 1, 1, None, 21.0, 24.0, False), WEEKENDEVENT_c(12548, None, 3, 2, None, 25.0, 28.0, False), WEEKENDEVENT_c(12546, None, 2, -1, None, 25.0, 28.0, False), WEEKENDEVENT_c(12549, None, 4, -1, None, 26.0, 28.0, False), WEEKENDEVENT_c(12550, None, 5, -1, None, 28.0, 30.0, False)]",15.0,40.0,15.0,30.0,NORMAL,2,AltDaytonaInt,False,False,[],[],None,False,"OverrideDiff_Easy_c(0.0, 1.0)","OverrideDiff_Norm_c(0.0, 1.0)","OverrideDiff_Hard_c(0.0, 1.0)","OverrideDiff_Champ_c(0.0, 1.0)"
RACEDATA_c,12559,,12559,0x40A8,12559,"RACESERIES_c(9670, S_SERIES_SPRINT_CUP, 9671, IMGSPRINTCUP2012.ARC, [], [], 2012, True, None)","RACETYPE_c(12553, 12554, S_BLANK)","RACESTARTTYPE_c(1171, 1172)","RACEROUTETYPE_c(1175, 1176)","CUSTOMCAR_c(7533, 7534)",200,43,12560,"EVENT_c(1002, cr000, S_EVENT_DAYTONA_DAY, daytona, None)",,"GRIDORDER_c(1717, QUALIFIED, 43)",FULL,1,[],NASCARTROPHY_c(15874),None,131793434,1,"[WEEKENDEVENT_c(12555, None, 1, 3, None, 19.0, 27.0, False), WEEKENDEVENT_c(12556, None, 2, 4, None, 22.0, 28.0, False), WEEKENDEVENT_c(12557, None, 3, 5, None, 24.0, 28.0, False), WEEKENDEVENT_c(12558, None, 4, -1, None, 22.0, 27.0, False)]",15.0,40.0,15.0,30.0,NORMAL,2,DAYTONAINTRO,False,False,[],[],None,False,"OverrideDiff_Easy_c(0.0, 1.0)","OverrideDiff_Norm_c(0.0, 1.0)","OverrideDiff_Hard_c(0.0, 1.0)","OverrideDiff_Champ_c(0.0, 1.0)"
RACEDATA_c,12568,,12568,0x4153,12568,"RACESERIES_c(9670, S_SERIES_SPRINT_CUP, 9671, IMGSPRINTCUP2012.ARC, [], [], 2012, True, None)","RACETYPE_c(7698, 7699, S_EVT_ALL_STAR)","RACESTARTTYPE_c(1171, 1172)","RACEROUTETYPE_c(1175, 1176)","CUSTOMCAR_c(7533, 7534)",90,43,12569,"EVENT_c(11244, cr000, S_EVENT_CHARLOTTE_NIGHT, lowes, None)",,"GRIDORDER_c(1717, QUALIFIED, 43)",FULL,99,[],None,None,131794195,1,[],15.0,40.0,15.0,30.0,NORMAL,2,LowesAllStarInt,False,False,[],[],"WORLDSCRIPT_c(1528, 1529, S_WORLD_CHARLOTTE, 24.0, 1.5, None, S_WORLD_LOC_CHARLOTTE, None, None, False, 6, 38, 134000, 128452115, [], 28.845, None, S_DRIVER_J_JOHNSON, S_TH_ALLISON_PETTY, S_DRIVER_G_BIFFLE, S_DRIVER_J_GORDON, False, S_TB_LOWES, 20.0, 25.0, True, 33.112, 31.672, 30.233, 193.708, 160.682, 70, False, None, S_HDRIVER_R_PETTY, [], 29.888, 30.943, 32.653, 19.0, 30.0, 34.476, 32.854, 31.653, 30.354, 0.98, Lowes)",False,"OverrideDiff_Easy_c(0.0, 1.0)","OverrideDiff_Norm_c(0.0, 1.0)","OverrideDiff_Hard_c(0.0, 1.0)","OverrideDiff_Champ_c(0.0, 1.0)"
RACEDATA_c,12750,,12750,0x41FE,12750,"RACESERIES_c(9670, S_SERIES_SPRINT_CUP, 9671, IMGSPRINTCUP2012.ARC, [], [], 2012, True, None)","RACETYPE_c(1165, 1166, S_MULTI_QUICKRACE_UC)","RACESTARTTYPE_c(1171, 1172)","RACEROUTETYPE_c(1175, 1176)","CUSTOMCAR_c(7533, 7534)",267,43,12751,"EVENT_c(5419, cr000, S_WORLD_KENTUCKY, Kentucky, None)",S_EVT_QUAKER_STATE_400,"GRIDORDER_c(1717, QUALIFIED, 43)",FULL,-1,[],None,None,131859998,1,"[WEEKENDEVENT_c(8506, None, 1, 1, None, 28.0, 33.0, False), WEEKENDEVENT_c(8507, None, 2, 2, None, 26.0, 31.0, False), WEEKENDEVENT_c(8508, None, 3, -1, None, 29.0, 35.0, False), WEEKENDEVENT_c(8509, None, 5, -1, None, 32.0, 27.0, True)]",10.0,40.0,15.0,30.0,NORMAL,2,,False,True,[],[],None,False,"OverrideDiff_Easy_c(0.0, 1.0)","OverrideDiff_Norm_c(0.0, 1.0)","OverrideDiff_Hard_c(0.0, 1.0)","OverrideDiff_Champ_c(0.0, 1.0)"
RACEDATA_c,13108,,13108,0x42A9,13108,"RACESERIES_c(9670, S_SERIES_SPRINT_CUP, 9671, IMGSPRINTCUP2012.ARC, [], [], 2012, True, None)","RACETYPE_c(1167, 1168, S_OPTION_TIMETRIAL)","RACESTARTTYPE_c(1171, 1172)","RACEROUTETYPE_c(1175, 1176)","CUSTOMCAR_c(7533, 7534)",2,1,13109,"EVENT_c(1251, cr000, S_WORLD_INDIANAPOLIS_SS, indianapolis, None)",,"GRIDORDER_c(1717, QUALIFIED, 43)",FULL,-1,[],None,None,131858689,1,[],15.0,40.0,15.0,30.0,NORMAL,2,,False,False,[],[],None,False,"OverrideDiff_Easy_c(0.0, 1.0)","OverrideDiff_Norm_c(0.0, 1.0)","OverrideDiff_Hard_c(0.0, 1.0)","OverrideDiff_Champ_c(0.0, 1.0)"
RACEDATA_c,22039,,22039,0x4354,22039,"RACESERIES_c(18306, S_SERIES_SPRINT_CUP, 18307, IMGSPRINTCUP2013.ARC, [], [], 2013, False, None)","RACETYPE_c(7702, 7703, S_EVT_DAYTONA_DUEL)","RACESTARTTYPE_c(1171, 1172)","RACEROUTETYPE_c(1175, 1176)","CUSTOMCAR_c(18303, 18304)",0,43,22040,"EVENT_c(1002, cr000, S_EVENT_DAYTONA_DAY, daytona, None)",S_EVT_DAYTONA_DUEL,"GRIDORDER_c(1717, QUALIFIED, 43)",FULL,1,[],None,None,131924501,1,"[WEEKENDEVENT_c(12547, None, 1, 1, None, 21.0, 24.0, False), WEEKENDEVENT_c(12548, None, 3, 2, None, 25.0, 28.0, False), WEEKENDEVENT_c(12546, None, 2, -1, None, 25.0, 28.0, False), WEEKENDEVENT_c(12549, None, 4, -1, None, 26.0, 28.0, False), WEEKENDEVENT_c(12550, None, 5, -1, None, 28.0, 30.0, False)]",15.0,40.0,15.0,30.0,NORMAL,2,AltDaytonaInt,False,False,[],[],None,False,"OverrideDiff_Easy_c(0.0, 1.0)","OverrideDiff_Norm_c(0.0, 1.0)","OverrideDiff_Hard_c(0.0, 1.0)","OverrideDiff_Champ_c(0.0, 1.0)"
RACEDATA_c,22041,,22041,0x43FF,22041,"RACESERIES_c(18306, S_SERIES_SPRINT_CUP, 18307, IMGSPRINTCUP2013.ARC, [], [], 2013, False, None)","RACETYPE_c(7700, 7701, S_EVT_SHOOTOUT)","RACESTARTTYPE_c(1171, 1172)","RACEROUTETYPE_c(1175, 1176)","CUSTOMCAR_c(18303, 18304)",75,28,22042,"EVENT_c(5413, cr000, S_EVENT_DAYTONA_NIGHT, daytona, None)",S_EVT_DAYTONA_SPRINT_UNLIMITED,"GRIDORDER_c(1717, QUALIFIED, 43)",FULL,100,[],None,None,131924496,1,"[WEEKENDEVENT_c(18768, None, 3, -1, None, 0.0, 0.0, False), WEEKENDEVENT_c(14749, None, 1, 1, None, 23.0, 21.0, False), WEEKENDEVENT_c(14750, None, 2, 2, None, 19.0, 17.0, False), WEEKENDEVENT_c(12538, None, 4, -1, None, 22.0, 20.0, False), WEEKENDEVENT_c(12539, None, 5, -1, None, 20.0, 17.0, False), WEEKENDEVENT_c(22360, None, 6, -1, None, 17.0, 16.0, False)]",15.0,40.0,15.0,30.0,NORMAL,2,AltDaytonaInt2,False,False,[],[],"WORLDSCRIPT_c(1180, 1181, S_WORLD_DAYTONA_BEACH, 31.0, 2.5, None, S_WORLD_LOC_DAYTONA_BEACH, None, None, False, 10, 31, 168000, 128385558, [], 47.816879, None, S_HDRIVER_R_PETTY, S_HDRIVER_R_PETTY, S_DRIVER_B_ELLIOT, S_HDRIVER_B_BAKER, False, S_TB_DAYTONA, 15.0, 22.0, False, 54.135, 51.781, 49.428, 210.364, 177.602, 63, False, None, S_HDRIVER_R_PETTY, [], 49.149963, 52.916748, 54.916748, 12.0, 27.0, 56.883789, 55.383667, 52.383545, 48.800073, 0.97, Daytona)",False,"OverrideDiff_Easy_c(0.0, 1.0)","OverrideDiff_Norm_c(0.0, 1.0)","OverrideDiff_Hard_c(0.0, 1.0)","OverrideDiff_Champ_c(0.0, 1.0)"
RACEDATA_c,22043,,22043,0x44AA,22043,"RACESERIES_c(18306, S_SERIES_SPRINT_CUP, 18307, IMGSPRINTCUP2013.ARC, [], [], 2013, False, None)","RACETYPE_c(12553, 12554, S_BLANK)","RACESTARTTYPE_c(1171, 1172)","RACEROUTETYPE_c(1175, 1176)","CUSTOMCAR_c(18303, 18304)",200,43,22044,"EVENT_c(1002, cr000, S_EVENT_DAYTONA_DAY, daytona, None)",S_EVT_DAYTONA_50,"GRIDORDER_c(1717, QUALIFIED, 43)",FULL,1,[],NASCARTROPHY_c(15874),None,131924504,1,"[WEEKENDEVENT_c(12555, None, 1, 3, None, 19.0, 27.0, False), WEEKENDEVENT_c(12556, None, 2, 4, None, 22.0, 28.0, False), WEEKENDEVENT_c(12557, None, 3, 5, None, 24.0, 28.0, False), WEEKENDEVENT_c(12558, None, 4, -1, None, 22.0, 27.0, False)]",15.0,40.0,15.0,30.0,NORMAL,2,DAYTONAINTRO,False,False,[],[],None,False,"OverrideDiff_Easy_c(0.0, 1.0)","OverrideDiff_Norm_c(0.0, 1.0)","OverrideDiff_Hard_c(0.0, 1.0)","OverrideDiff_Champ_c(0.0, 1.0)"
RACEDATA_c,22047,,22047,0x4555,22047,"RACESERIES_c(18306, S_SERIES_SPRINT_CUP, 18307, IMGSPRINTCUP2013.ARC, [], [], 2013, False, None)","RACETYPE_c(1165, 1166, S_MULTI_QUICKRACE_UC)","RACESTARTTYPE_c(1171, 1172)","RACEROUTETYPE_c(1175, 1176)","CUSTOMCAR_c(18303, 18304)",312,43,22048,"EVENT_c(1659, cr000, S_EVENT_PHOENIX_DAY, phoenix, None)",S_EVT_SUBWAY_FRESH_FIT,"GRIDORDER_c(1717, QUALIFIED, 43)",FULL,2,[],NASCARTROPHY_c(15875),None,131924739,1,"[WEEKENDEVENT_c(8429, None, 1, 1, None, 27.0, 32.0, False), WEEKENDEVENT_c(8430, None, 2, 2, None, 30.0, 35.0, False), WEEKENDEVENT_c(8431, None, 3, -1, None, 28.0, 36.0, False), WEEKENDEVENT_c(8432, None, 4, -1, None, 35.0, 27.0, False)]",10.0,40.0,15.0,30.0,NORMAL,2,PhoenixInt,False,False,[],[],None,False,"OverrideDiff_Easy_c(0.0, 1.0)","OverrideDiff_Norm_c(0.0, 1.0)","OverrideDiff_Hard_c(0.0, 1.0)","OverrideDiff_Champ_c(0.0, 1.0)"
RACEDATA_c,22049,,22049,0x4600,22049,"RACESERIES_c(18306, S_SERIES_SPRINT_CUP, 18307, IMGSPRINTCUP2013.ARC, [], [], 2013, False, None)","RACETYPE_c(1165, 1166, S_MULTI_QUICKRACE_UC)","RACESTARTTYPE_c(1171, 1172)","RACEROUTETYPE_c(1175, 1176)","CUSTOMCAR_c(18303, 18304)",267,43,22050,"EVENT_c(2775, cr000, S_WORLD_LAS_VEGAS, LasVegas, None)",S_EVT_KOBALT_TOOLS_400,"GRIDORDER_c(1717, QUALIFIED, 43)",FULL,3,[],NASCARTROPHY_c(15876),None,131924746,1,"[WEEKENDEVENT_c(8433, None, 1, 1, None, 27.0, 32.0, False), WEEKENDEVENT_c(8434, None, 2, -1, None, 31.0, 34.0, False), WEEKENDEVENT_c(8435, None, 3, 2, None, 22.0, 28.0, False), WEEKENDEVENT_c(8436, None, 4, -1, None, 30.0, 35.0, False)]",10.0,40.0,15.0,30.0,NORMAL,2,VegasInt,False,False,[],[],None,False,"OverrideDiff_Easy_c(0.0, 1.0)","OverrideDiff_Norm_c(0.0, 1.0)","OverrideDiff_Hard_c(0.0, 1.0)","OverrideDiff_Champ_c(0.0, 1.0)"
RACEDATA_c,22051,,22051,0x46AB,22051,"RACESERIES_c(18306, S_SERIES_SPRINT_CUP, 18307, IMGSPRINTCUP2013.ARC, [], [], 2013, False, None)","RACETYPE_c(1165, 1166, S_MULTI_QUICKRACE_UC)","RACESTARTTYPE_c(1171, 1172)","RACEROUTETYPE_c(1175, 1176)","CUSTOMCAR_c(18303, 18304)",500,43,22052,"EVENT_c(5399, cr000, S_EVENT_BRISTOL_DAY, bristol, None)",S_EVT_FOOD_CITY_500,"GRIDORDER_c(1717, QUALIFIED, 43)",FULL,4,[],NASCARTROPHY_c(15877),None,131924753,1,"[WEEKENDEVENT_c(8442, None, 1, 1, None, 18.0, 24.0, False), WEEKENDEVENT_c(8443, None, 2, -1, None, 24.0, 29.0, False), WEEKENDEVENT_c(8444, None, 3, 2, None, 22.0, 27.0, False), WEEKENDEVENT_c(8445, None, 4, 3, None, 25.0, 30.0, False), WEEKENDEVENT_c(8446, None, 5, -1, None, 22.0, 32.0, False)]",10.0,40.0,15.0,30.0,NORMAL,2,BristolInt,False,False,[],[],None,False,"OverrideDiff_Easy_c(0.0, 1.0)","OverrideDiff_Norm_c(0.0, 1.0)","OverrideDiff_Hard_c(0.0, 1.0)","OverrideDiff_Champ_c(0.0, 1.0)"
RACEDATA_c,22053,,22053,0x4756,22053,"RACESERIES_c(18306, S_SERIES_SPRINT_CUP, 18307, IMGSPRINTCUP2013.ARC, [], [], 2013, False, None)","RACETYPE_c(1165, 1166, S_MULTI_QUICKRACE_UC)","RACESTARTTYPE_c(1171, 1172)","RACEROUTETYPE_c(1175, 1176)","CUSTOMCAR_c(18303, 18304)",200,43,22054,"EVENT_c(1050, cr000, S_EVENT_AUTOCLUB, autoclub, None)",S_EVENT_AUTOCLUB_400,"GRIDORDER_c(1717, QUALIFIED, 43)",FULL,5,[],NASCARTROPHY_c(15878),None,131924760,1,"[WEEKENDEVENT_c(8447, None, 1, 1, None, 27.0, 33.0, False), WEEKENDEVENT_c(8448, None, 2, -1, None, 28.0, 34.0, False), WEEKENDEVENT_c(8449, None, 3, 2, None, 22.0, 27.0, False), WEEKENDEVENT_c(8450, None, 4, 3, None, 26.0, 33.0, False), WEEKENDEVENT_c(8451, None, 5, -1, None, 26.0, 33.0, False)]",10.0,40.0,15.0,30.0,NORMAL,2,AutoclubInt,False,False,[],[],None,False,"OverrideDiff_Easy_c(0.0, 1.0)","OverrideDiff_Norm_c(0.0, 1.0)","OverrideDiff_Hard_c(0.0, 1.0)","OverrideDiff_Champ_c(0.0, 1.0)"
RACEDATA_c,22055,,22055,0x4801,22055,"RACESERIES_c(18306, S_SERIES_SPRINT_CUP, 18307, IMGSPRINTCUP2013.ARC, [], [], 2013, False, None)","RACETYPE_c(1165, 1166, S_MULTI_QUICKRACE_UC)","RACESTARTTYPE_c(1171, 1172)","RACEROUTETYPE_c(1175, 1176)","CUSTOMCAR_c(18303, 18304)",500,43,22056,"EVENT_c(1671, cr000, S_WORLD_MARTINSVILLE, martinsville, None)",S_EVT_STP_GAS_BOOSTER_500,"GRIDORDER_c(1717, QUALIFIED, 43)",FULL,6,[],NASCARTROPHY_c(15879),None,131924999,1,"[WEEKENDEVENT_c(8452, None, 1, 1, None, 21.0, 27.0, False), WEEKENDEVENT_c(8453, None, 2, 2, None, 24.0, 29.0, False), WEEKENDEVENT_c(8454, None, 3, -1, None, 24.0, 29.0, False), WEEKENDEVENT_c(8455, None, 4, -1, None, 23.0, 29.0, False)]",10.0,40.0,15.0,30.0,NORMAL,2,MartinsvilleIntro,False,False,[],[],None,False,"OverrideDiff_Easy_c(0.0, 1.0)","OverrideDiff_Norm_c(0.0, 1.0)","OverrideDiff_Hard_c(0.0, 1.0)","OverrideDiff_Champ_c(0.0, 1.0)"
RACEDATA_c,22057,,22057,0x48AC,22057,"RACESERIES_c(18306, S_SERIES_SPRINT_CUP, 18307, IMGSPRINTCUP2013.ARC, [], [], 2013, False, None)","RACETYPE_c(1165, 1166, S_MULTI_QUICKRACE_UC)","RACESTARTTYPE_c(1171, 1172)","RACEROUTETYPE_c(1175, 1176)","CUSTOMCAR_c(18303, 18304)",334,43,22058,"EVENT_c(9728, cr000, S_EVENT_TEXAS_NIGHT, texas, None)",S_EVT_TEXAS_NRA_500,"GRIDORDER_c(1717, QUALIFIED, 43)",FULL,7,[],NASCARTROPHY_c(15880),None,131925005,1,"[WEEKENDEVENT_c(18767, None, 4, -1, None, 0.0, 0.0, False), WEEKENDEVENT_c(8456, None, 1, 1, None, 27.0, 34.0, False), WEEKENDEVENT_c(8457, None, 2, 2, None, 29.0, 35.0, False), WEEKENDEVENT_c(8458, None, 3, -1, None, 27.0, 33.0, False), WEEKENDEVENT_c(8459, None, 5, -1, None, 29.0, 23.0, False)]",10.0,40.0,15.0,30.0,NORMAL,2,TexasintNight,False,False,[],[],"WORLDSCRIPT_c(2438, 2439, S_WORLD_TEXAS, 24.0, 1.5, None, S_WORLD_LOC_TEXAS, None, None, False, 27, 46, 138100, 130876421, [], 28.878, None, S_DRIVER_C_EDWARDS, S_DRIVER_M_KENSETH, S_DRIVER_K_BUSCH_02, S_DRIVER_G_BIFFLE, False, S_TB_TEXAS, 19.0, 27.0, False, 32.458, 31.046, 29.635, 196.299, 160.577, 78, False, None, S_TH_KENSETH_JOHNSON, [], 29.946, 31.487, 32.645, 15.0, 32.0, 34.485, 32.976, 31.846, 30.656, 0.976, Texas)",False,"OverrideDiff_Easy_c(0.0, 1.0)","OverrideDiff_Norm_c(0.0, 1.0)","OverrideDiff_Hard_c(0.0, 1.0)","OverrideDiff_Champ_c(0.0, 1.0)"
RACEDATA_c,22059,,22059,0x4957,22059,"RACESERIES_c(18306, S_SERIES_SPRINT_CUP, 18307, IMGSPRINTCUP2013.ARC, [], [], 2013, False, None)","RACETYPE_c(1165, 1166, S_MULTI_QUICKRACE_UC)","RACESTARTTYPE_c(1171, 1172)","RACEROUTETYPE_c(1175, 1176)","CUSTOMCAR_c(18303, 18304)",267,43,22060,"EVENT_c(2524, cr000, S_WORLD_KANSAS_CITY, Kansas, None)",S_EVT_STP_400,"GRIDORDER_c(1717, QUALIFIED, 43)",FULL,8,[],NASCARTROPHY_c(15881),None,131925013,1,"[WEEKENDEVENT_c(8464, None, 1, 1, None, 26.0, 31.0, False), WEEKENDEVENT_c(8465, None, 2, 2, None, 27.0, 32.0, False), WEEKENDEVENT_c(8466, None, 3, -1, None, 28.0, 32.0, False), WEEKENDEVENT_c(8467, None, 4, -1, None, 27.0, 32.0, False)]",10.0,40.0,15.0,30.0,NORMAL,2,kansasint,False,False,[],[],None,False,"OverrideDiff_Easy_c(0.0, 1.0)","OverrideDiff_Norm_c(0.0, 1.0)","OverrideDiff_Hard_c(0.0, 1.0)","OverrideDiff_Champ_c(0.0, 1.0)"
RACEDATA_c,22061,,22061,0x4A02,22061,"RACESERIES_c(18306, S_SERIES_SPRINT_CUP, 18307, IMGSPRINTCUP2013.ARC, [], [], 2013, False, None)","RACETYPE_c(1165, 1166, S_MULTI_QUICKRACE_UC)","RACESTARTTYPE_c(1171, 1172)","RACEROUTETYPE_c(1175, 1176)","CUSTOMCAR_c(18303, 18304)",400,43,22062,"EVENT_c(12292, cr000, S_EVENT_RICHMOND_NIGHT, richmond, None)",S_EVT_TOYOTA_OWNERS_400,"GRIDORDER_c(1717, QUALIFIED, 43)",FULL,9,[],NASCARTROPHY_c(15882),None,131925019,1,"[WEEKENDEVENT_c(18281, None, 4, -1, None, 0.0, 0.0, False), WEEKENDEVENT_c(8468, None, 1, 1, None, 24.0, 29.0, False), WEEKENDEVENT_c(8469, None, 2, 2, None, 26.0, 31.0, False), WEEKENDEVENT_c(8470, None, 3, -1, None, 22.0, 29.0, False), WEEKENDEVENT_c(8471, None, 5, -1, None, 28.0, 23.0, False)]",10.0,40.0,15.0,30.0,NORMAL,2,Richmondint,False,True,[],[],"WORLDSCRIPT_c(1635, 1636, S_WORLD_RICHMOND, 14.0, 0.75, None, S_WORLD_LOC_RICHMOND, None, None, False, 25, 44, 97912, 127992851, [], 21.556, None, S_HDRIVER_R_PETTY, S_HDRIVER_R_PETTY, S_DRIVER_M_KENSETH, S_HDRIVER_D_JARRET, False, S_TB_RICHMOND, 18.0, 23.0, False, 24.434, 23.372, 22.309, 130.334, 109.047, 76, False, None, S_HDRIVER_R_PETTY, [], 22.645, 23.232, 24.487, 16.0, 30.0, 25.984, 24.889, 23.976, 22.952, 0.98, Richmond)",False,"OverrideDiff_Easy_c(0.0, 1.0)","OverrideDiff_Norm_c(0.0, 1.0)","OverrideDiff_Hard_c(0.0, 1.0)","OverrideDiff_Champ_c(0.0, 1.0)"
RACEDATA_c,22063,,22063,0x4AAD,22063,"RACESERIES_c(18306, S_SERIES_SPRINT_CUP, 18307, IMGSPRINTCUP2013.ARC, [], [], 2013, False, None)","RACETYPE_c(1165, 1166, S_MULTI_QUICKRACE_UC)","RACESTARTTYPE_c(1171, 1172)","RACEROUTETYPE_c(1175, 1176)","CUSTOMCAR_c(18303, 18304)",188,43,22064,"EVENT_c(1763, cr000, S_WORLD_TALLADEGA, talladega, None)",S_EVT_AARONS_499,"GRIDORDER_c(1717, QUALIFIED, 43)",FULL,10,[],NASCARTROPHY_c(15883),None,131925253,1,"[WEEKENDEVENT_c(8476, None, 1, 1, None, 25.0, 31.0, False), WEEKENDEVENT_c(8477, None, 2, 2, None, 28.0, 33.0, False), WEEKENDEVENT_c(8478, None, 3, -1, None, 27.0, 33.0, False), WEEKENDEVENT_c(8479, None, 4, -1, None, 27.0, 33.0, False)]",10.0,40.0,15.0,30.0,NORMAL,2,TalInt,False,False,[],[],None,False,"OverrideDiff_Easy_c(0.0, 1.0)","OverrideDiff_Norm_c(0.0, 1.0)","OverrideDiff_Hard_c(0.0, 1.0)","OverrideDiff_Champ_c(0.0, 1.0)"
RACEDATA_c,22065,,22065,0x4B58,22065,"RACESERIES_c(18306, S_SERIES_SPRINT_CUP, 18307, IMGSPRINTCUP2013.ARC, [], [], 2013, False, None)","RACETYPE_c(1165, 1166, S_MULTI_QUICKRACE_UC)","RACESTARTTYPE_c(1171, 1172)","RACEROUTETYPE_c(1175, 1176)","CUSTOMCAR_c(18303, 18304)",367,43,22066,"EVENT_c(11234, cr000, S_EVENT_DARLINGTON_NIGHT, darlington, None)",S_EVT_BOJANGLES_SOUTHERN_500,"GRIDORDER_c(1717, QUALIFIED, 43)",FULL,11,[],NASCARTROPHY_c(15884),None,131925259,1,"[WEEKENDEVENT_c(8480, None, 1, 1, None, 24.0, 30.0, False), WEEKENDEVENT_c(8481, None, 2, 2, None, 25.0, 31.0, False), WEEKENDEVENT_c(8482, None, 3, -1, None, 24.0, 30.0, False), WEEKENDEVENT_c(8483, None, 5, -1, None, 31.0, 24.0, True), WEEKENDEVENT_c(18282, None, 4, -1, None, 0.0, 0.0, True)]",10.0,40.0,15.0,30.0,NORMAL,2,DarlInt,False,False,[],[],"WORLDSCRIPT_c(1631, 1632, S_WORLD_DARLINGTON, 25.0, 1.366, None, S_WORLD_LOC_DARLINGTON, None, None, False, 9, 30, 68000, 127796243, [], 27.831, None, S_HDRIVER_D_PEARSON, S_HDRIVER_R_PETTY, S_DRIVER_K_BUSCH_01, S_DRIVER_M_KENSETH, False, S_TB_DARLINGTON, 20.0, 23.0, False, 31.354, 29.99, 28.627, 181.918, 141.383, 62, False, None, S_DRIVER_B_ELLIOT, [], 29.285, 30.821, 32.224, 19.0, 28.0, 34.178, 32.984, 31.875, 30.175, 0.99, Darlington)",False,"OverrideDiff_Easy_c(0.0, 1.0)","OverrideDiff_Norm_c(0.0, 1.0)","OverrideDiff_Hard_c(0.0, 1.0)","OverrideDiff_Champ_c(0.0, 1.0)"
RACEDATA_c,22067,,22067,0x4C03,22067,"RACESERIES_c(18306, S_SERIES_SPRINT_CUP, 18307, IMGSPRINTCUP2013.ARC, [], [], 2013, False, None)","RACETYPE_c(1165, 1166, S_MULTI_QUICKRACE_UC)","RACESTARTTYPE_c(1171, 1172)","RACEROUTETYPE_c(1175, 1176)","CUSTOMCAR_c(18303, 18304)",400,43,22068,"EVENT_c(11244, cr000, S_EVENT_CHARLOTTE_NIGHT, lowes, None)",S_EVT_COCA_COLA_600,"GRIDORDER_c(1717, QUALIFIED, 43)",FULL,12,[],NASCARTROPHY_c(15886),None,131925274,1,"[WEEKENDEVENT_c(18846, None, 5, -1, None, 0.0, 0.0, False), WEEKENDEVENT_c(8484, None, 1, 1, None, 25.0, 30.0, False), WEEKENDEVENT_c(8485, None, 2, -1, None, 22.0, 28.0, False), WEEKENDEVENT_c(8486, None, 3, 2, None, 20.0, 24.0, False), WEEKENDEVENT_c(8487, None, 4, 3, None, 26.0, 31.0, False), WEEKENDEVENT_c(8488, None, 6, -1, None, 29.0, 22.0, False)]",10.0,40.0,15.0,30.0,NORMAL,2,LowesInt,False,False,[],[],"WORLDSCRIPT_c(1528, 1529, S_WORLD_CHARLOTTE, 24.0, 1.5, None, S_WORLD_LOC_CHARLOTTE, None, None, False, 6, 38, 134000, 128452115, [], 28.845, None, S_DRIVER_J_JOHNSON, S_TH_ALLISON_PETTY, S_DRIVER_G_BIFFLE, S_DRIVER_J_GORDON, False, S_TB_LOWES, 20.0, 25.0, True, 33.112, 31.672, 30.233, 193.708, 160.682, 70, False, None, S_HDRIVER_R_PETTY, [], 29.888, 30.943, 32.653, 19.0, 30.0, 34.476, 32.854, 31.653, 30.354, 0.98, Lowes)",False,"OverrideDiff_Easy_c(0.0, 1.0)","OverrideDiff_Norm_c(0.0, 1.0)","OverrideDiff_Hard_c(0.0, 1.0)","OverrideDiff_Champ_c(0.0, 1.0)"
RACEDATA_c,22069,,22069,0x4CAE,22069,"RACESERIES_c(18306, S_SERIES_SPRINT_CUP, 18307, IMGSPRINTCUP2013.ARC, [], [], 2013, False, None)","RACETYPE_c(1165, 1166, S_MULTI_QUICKRACE_UC)","RACESTARTTYPE_c(1171, 1172)","RACEROUTETYPE_c(1175, 1176)","CUSTOMCAR_c(18303, 18304)",400,43,22070,"EVENT_c(1460, cr000, S_WORLD_DOVER, dover, None)",S_EVT_FEDEX_400,"GRIDORDER_c(1717, QUALIFIED, 43)",FULL,13,[],NASCARTROPHY_c(15887),None,131925506,1,"[WEEKENDEVENT_c(8489, None, 1, 1, None, 17.0, 24.0, False), WEEKENDEVENT_c(8490, None, 2, 2, None, 19.0, 28.0, False), WEEKENDEVENT_c(8491, None, 3, -1, None, 20.0, 28.0, False), WEEKENDEVENT_c(8492, None, 4, -1, None, 21.0, 28.0, False)]",10.0,40.0,15.0,30.0,NORMAL,2,DoverInt,False,False,[],[],None,False,"OverrideDiff_Easy_c(0.0, 1.0)","OverrideDiff_Norm_c(0.0, 1.0)","OverrideDiff_Hard_c(0.0, 1.0)","OverrideDiff_Champ_c(0.0, 1.0)"
RACEDATA_c,22071,,22071,0x4D59,22071,"RACESERIES_c(18306, S_SERIES_SPRINT_CUP, 18307, IMGSPRINTCUP2013.ARC, [], [], 2013, False, None)","RACETYPE_c(1165, 1166, S_MULTI_QUICKRACE_UC)","RACESTARTTYPE_c(1171, 1172)","RACEROUTETYPE_c(1175, 1176)","CUSTOMCAR_c(18303, 18304)",200,43,22072,"EVENT_c(1210, cr000, S_WORLD_POCONO, pocono, None)",S_EVT_POCONO_PARTY,"GRIDORDER_c(1717, QUALIFIED, 43)",FULL,14,[],NASCARTROPHY_c(15888),None,131925513,1,"[WEEKENDEVENT_c(8493, None, 1, 1, None, 21.0, 28.0, False), WEEKENDEVENT_c(8494, None, 2, 2, None, 23.0, 30.0, False), WEEKENDEVENT_c(8495, None, 3, -1, None, 21.0, 27.0, False), WEEKENDEVENT_c(8496, None, 4, -1, None, 23.0, 30.0, False)]",10.0,40.0,15.0,30.0,NORMAL,2,PoconoInt,False,False,[],[],None,False,"OverrideDiff_Easy_c(0.0, 1.0)","OverrideDiff_Norm_c(0.0, 1.0)","OverrideDiff_Hard_c(0.0, 1.0)","OverrideDiff_Champ_c(0.0, 1.0)"
RACEDATA_c,22073,,22073,0x4E04,22073,"RACESERIES_c(18306, S_SERIES_SPRINT_CUP, 18307, IMGSPRINTCUP2013.ARC, [], [], 2013, False, None)","RACETYPE_c(1165, 1166, S_MULTI_QUICKRACE_UC)","RACESTARTTYPE_c(1171, 1172)","RACEROUTETYPE_c(1175, 1176)","CUSTOMCAR_c(18303, 18304)",200,43,22074,"EVENT_c(2528, cr000, S_WORLD_MICHIGAN, Michigan, None)",S_EVT_QUICKEN_LOANS_400,"GRIDORDER_c(1717, QUALIFIED, 43)",FULL,15,[],NASCARTROPHY_c(15889),None,131925520,1,"[WEEKENDEVENT_c(8497, None, 1, 1, None, 24.0, 28.0, False), WEEKENDEVENT_c(8498, None, 2, 2, None, 24.0, 28.0, False), WEEKENDEVENT_c(8499, None, 3, -1, None, 26.0, 31.0, False), WEEKENDEVENT_c(8500, None, 4, -1, None, 25.0, 31.0, False)]",10.0,40.0,15.0,30.0,NORMAL,2,MichiganInt,False,False,[],[],None,False,"OverrideDiff_Easy_c(0.0, 1.0)","OverrideDiff_Norm_c(0.0, 1.0)","OverrideDiff_Hard_c(0.0, 1.0)","OverrideDiff_Champ_c(0.0, 1.0)"
RACEDATA_c,22075,,22075,0x4EAF,22075,"RACESERIES_c(18306, S_SERIES_SPRINT_CUP, 18307, IMGSPRINTCUP2013.ARC, [], [], 2013, False, None)","RACETYPE_c(1165, 1166, S_MULTI_QUICKRACE_UC)","RACESTARTTYPE_c(1171, 1172)","RACEROUTETYPE_c(1175, 1176)","CUSTOMCAR_c(18303, 18304)",110,43,22076,"EVENT_c(1033, cr000, S_WORLD_SONOMA, infineon, None)",S_EVT_TOYOTA_350,"GRIDORDER_c(1717, QUALIFIED, 43)",FULL,16,[],NASCARTROPHY_c(15890),None,131925527,1,"[WEEKENDEVENT_c(8501, None, 1, 1, None, 27.0, 34.0, False), WEEKENDEVENT_c(8502, None, 2, -1, None, 26.0, 33.0, False), WEEKENDEVENT_c(8503, None, 3, 2, None, 23.0, 31.0, False), WEEKENDEVENT_c(8504, None, 4, 3, None, 23.0, 31.0, False), WEEKENDEVENT_c(8505, None, 5, -1, None, 25.0, 34.0, False)]",10.0,40.0,15.0,30.0,NORMAL,1,InfInt,False,False,[],[],None,False,"OverrideDiff_Easy_c(0.0, 1.0)","OverrideDiff_Norm_c(0.0, 1.0)","OverrideDiff_Hard_c(0.0, 1.0)","OverrideDiff_Champ_c(0.0, 1.0)"
RACEDATA_c,22077,,22077,0x4F5A,22077,"RACESERIES_c(18306, S_SERIES_SPRINT_CUP, 18307, IMGSPRINTCUP2013.ARC, [], [], 2013, False, None)","RACETYPE_c(1165, 1166, S_MULTI_QUICKRACE_UC)","RACESTARTTYPE_c(1171, 1172)","RACEROUTETYPE_c(1175, 1176)","CUSTOMCAR_c(18303, 18304)",267,43,22078,"EVENT_c(12749, cr000, S_EVENT_KENTUCKY_NIGHT, Kentucky, None)",S_EVT_QUAKER_STATE_400,"GRIDORDER_c(1717, QUALIFIED, 43)",FULL,17,[],NASCARTROPHY_c(15891),None,131925533,1,"[WEEKENDEVENT_c(8506, None, 1, 1, None, 28.0, 33.0, False), WEEKENDEVENT_c(8507, None, 2, 2, None, 26.0, 31.0, False), WEEKENDEVENT_c(8508, None, 3, -1, None, 29.0, 35.0, False), WEEKENDEVENT_c(8509, None, 5, -1, None, 32.0, 27.0, True), WEEKENDEVENT_c(18305, None, 4, -1, None, 0.0, 0.0, True)]",10.0,40.0,15.0,30.0,NORMAL,2,KentInt,False,False,[],[],"WORLDSCRIPT_c(5417, 5418, S_WORLD_KENTUCKY, 14.0, 1.5, None, S_WORLD_LOC_KENTUCKY, None, None, False, 17, 49, 107000, 131794697, [], 30.254, None, S_DRIVER_B_KESELOWSKI, S_DRIVER_K_BUSCH_02, S_DRIVER_D_EARNHARDT_JR, S_DRIVER_B_KESELOWSKI, False, S_TB_KENTUCKY, 26.0, 26.0, True, 33.0, 32.0, 30.8, 183.636, 145.607, 80, False, None, -, [], 31.221, 32.91, 33.989, 19.0, 29.0, 36.143, 34.875, 33.256, 31.899, 0.98, Kentucky)",False,"OverrideDiff_Easy_c(0.0, 1.0)","OverrideDiff_Norm_c(0.0, 1.0)","OverrideDiff_Hard_c(0.0, 1.0)","OverrideDiff_Champ_c(0.0, 1.0)"
RACEDATA_c,22079,,22079,0x5005,22079,"RACESERIES_c(18306, S_SERIES_SPRINT_CUP, 18307, IMGSPRINTCUP2013.ARC, [], [], 2013, False, None)","RACETYPE_c(1165, 1166, S_MULTI_QUICKRACE_UC)","RACESTARTTYPE_c(1171, 1172)","RACEROUTETYPE_c(1175, 1176)","CUSTOMCAR_c(18303, 18304)",160,43,22080,"EVENT_c(5413, cr000, S_EVENT_DAYTONA_NIGHT, daytona, None)",S_EVT_COKE_ZERO_400,"GRIDORDER_c(1717, QUALIFIED, 43)",FULL,18,[],NASCARTROPHY_c(15892),None,131925766,1,"[WEEKENDEVENT_c(8510, None, 1, 1, None, 29.0, 31.0, True), WEEKENDEVENT_c(8511, None, 2, 2, None, 31.0, 29.0, True), WEEKENDEVENT_c(8512, None, 3, -1, None, 31.0, 30.0, True), WEEKENDEVENT_c(8513, None, 5, -1, None, 33.0, 29.0, True), WEEKENDEVENT_c(18280, None, 4, -1, None, 0.0, 0.0, True)]",10.0,40.0,15.0,30.0,NORMAL,2,DaytonaIntroNight,True,False,[],[],"WORLDSCRIPT_c(1180, 1181, S_WORLD_DAYTONA_BEACH, 31.0, 2.5, None, S_WORLD_LOC_DAYTONA_BEACH, None, None, False, 10, 31, 168000, 128385558, [], 47.816879, None, S_HDRIVER_R_PETTY, S_HDRIVER_R_PETTY, S_DRIVER_B_ELLIOT, S_HDRIVER_B_BAKER, False, S_TB_DAYTONA, 15.0, 22.0, False, 54.135, 51.781, 49.428, 210.364, 177.602, 63, False, None, S_HDRIVER_R_PETTY, [], 49.149963, 52.916748, 54.916748, 12.0, 27.0, 56.883789, 55.383667, 52.383545, 48.800073, 0.97, Daytona)",False,"OverrideDiff_Easy_c(0.0, 1.0)","OverrideDiff_Norm_c(0.0, 1.0)","OverrideDiff_Hard_c(0.0, 1.0)","OverrideDiff_Champ_c(0.0, 1.0)"
RACEDATA_c,22081,,22081,0x50B0,22081,"RACESERIES_c(18306, S_SERIES_SPRINT_CUP, 18307, IMGSPRINTCUP2013.ARC, [], [], 2013, False, None)","RACETYPE_c(1165, 1166, S_MULTI_QUICKRACE_UC)","RACESTARTTYPE_c(1171, 1172)","RACEROUTETYPE_c(1175, 1176)","CUSTOMCAR_c(18303, 18304)",300,43,22082,"EVENT_c(2632, cr000, S_WORLD_NEW_HAMPSHIRE, NewHampshire, None)",S_EVT_NEW_HAMPSHIRE_300,"GRIDORDER_c(1717, QUALIFIED, 43)",FULL,19,[],NASCARTROPHY_c(15893),None,131925774,1,"[WEEKENDEVENT_c(8514, None, 1, 1, None, 28.0, 31.0, False), WEEKENDEVENT_c(8515, None, 2, -1, None, 31.0, 30.0, False), WEEKENDEVENT_c(8516, None, 3, 2, None, 26.0, 29.0, False), WEEKENDEVENT_c(8517, None, 4, 3, None, 27.0, 31.0, False), WEEKENDEVENT_c(8518, None, 5, -1, None, 27.0, 31.0, False)]",10.0,40.0,15.0,30.0,NORMAL,2,NhmpInt,False,False,[],[],None,False,"OverrideDiff_Easy_c(0.0, 1.0)","OverrideDiff_Norm_c(0.0, 1.0)","OverrideDiff_Hard_c(0.0, 1.0)","OverrideDiff_Champ_c(0.0, 1.0)"
RACEDATA_c,22083,,22083,0x515B,22083,"RACESERIES_c(18306, S_SERIES_SPRINT_CUP, 18307, IMGSPRINTCUP2013.ARC, [], [], 2013, False, None)","RACETYPE_c(1165, 1166, S_MULTI_QUICKRACE_UC)","RACESTARTTYPE_c(1171, 1172)","RACEROUTETYPE_c(1175, 1176)","CUSTOMCAR_c(18303, 18304)",160,43,22084,"EVENT_c(1251, cr000, S_WORLD_INDIANAPOLIS_SS, indianapolis, None)",S_EVT_BRICKYARD_400_2013,"GRIDORDER_c(1717, QUALIFIED, 43)",FULL,20,[],NASCARTROPHY_c(15894),None,131925788,1,"[WEEKENDEVENT_c(8610, None, 1, 1, None, 27.0, 31.0, False), WEEKENDEVENT_c(8611, None, 2, 2, None, 29.0, 33.0, False), WEEKENDEVENT_c(8612, None, 3, 3, None, 29.0, 33.0, False), WEEKENDEVENT_c(8613, None, 4, -1, None, 31.0, 34.0, False), WEEKENDEVENT_c(8614, None, 5, -1, None, 30.0, 35.0, False)]",10.0,40.0,15.0,30.0,NORMAL,2,IndyIntro,False,False,[],[],None,False,"OverrideDiff_Easy_c(0.0, 1.0)","OverrideDiff_Norm_c(0.0, 1.0)","OverrideDiff_Hard_c(0.0, 1.0)","OverrideDiff_Champ_c(0.0, 1.0)"
RACEDATA_c,22085,,22085,0x5206,22085,"RACESERIES_c(18306, S_SERIES_SPRINT_CUP, 18307, IMGSPRINTCUP2013.ARC, [], [], 2013, False, None)","RACETYPE_c(1165, 1166, S_MULTI_QUICKRACE_UC)","RACESTARTTYPE_c(1171, 1172)","RACEROUTETYPE_c(1175, 1176)","CUSTOMCAR_c(18303, 18304)",200,43,22086,"EVENT_c(1210, cr000, S_WORLD_POCONO, pocono, None)",S_EVT_GOBOWLING_400,"GRIDORDER_c(1717, QUALIFIED, 43)",FULL,21,[],NASCARTROPHY_c(15895),None,131926020,1,"[WEEKENDEVENT_c(8615, None, 1, 1, None, 24.0, 29.0, False), WEEKENDEVENT_c(8616, None, 2, 2, None, 28.0, 26.0, False), WEEKENDEVENT_c(8617, None, 3, -1, None, 26.0, 28.0, False), WEEKENDEVENT_c(8618, None, 4, -1, None, 24.0, 31.0, False)]",10.0,40.0,15.0,30.0,NORMAL,2,Poconorace2Int,False,False,[],[],None,False,"OverrideDiff_Easy_c(0.0, 1.0)","OverrideDiff_Norm_c(0.0, 1.0)","OverrideDiff_Hard_c(0.0, 1.0)","OverrideDiff_Champ_c(0.0, 1.0)"
RACEDATA_c,22087,,22087,0x52B1,22087,"RACESERIES_c(18306, S_SERIES_SPRINT_CUP, 18307, IMGSPRINTCUP2013.ARC, [], [], 2013, False, None)","RACETYPE_c(1165, 1166, S_MULTI_QUICKRACE_UC)","RACESTARTTYPE_c(1171, 1172)","RACEROUTETYPE_c(1175, 1176)","CUSTOMCAR_c(18303, 18304)",90,43,22088,"EVENT_c(1045, cr000, S_WORLD_WATKINS_GLEN, watkinsglen, None)",S_EVT_CHEEZ_IT_355,"GRIDORDER_c(1717, QUALIFIED, 43)",FULL,22,[],NASCARTROPHY_c(15896),None,131926027,1,"[WEEKENDEVENT_c(14586, None, 1, 1, None, 28.0, 32.0, False), WEEKENDEVENT_c(14587, None, 2, 2, None, 30.0, 27.0, False), WEEKENDEVENT_c(14588, None, 3, -1, None, 26.0, 29.0, False), WEEKENDEVENT_c(14589, None, 4, -1, None, 27.0, 32.0, False)]",10.0,40.0,15.0,30.0,NORMAL,1,WatGlennInt,False,False,[],[],None,False,"OverrideDiff_Easy_c(0.0, 1.0)","OverrideDiff_Norm_c(0.0, 1.0)","OverrideDiff_Hard_c(0.0, 1.0)","OverrideDiff_Champ_c(0.0, 1.0)"
RACEDATA_c,22089,,22089,0x535C,22089,"RACESERIES_c(18306, S_SERIES_SPRINT_CUP, 18307, IMGSPRINTCUP2013.ARC, [], [], 2013, False, None)","RACETYPE_c(1165, 1166, S_MULTI_QUICKRACE_UC)","RACESTARTTYPE_c(1171, 1172)","RACEROUTETYPE_c(1175, 1176)","CUSTOMCAR_c(18303, 18304)",200,43,22090,"EVENT_c(2528, cr000, S_WORLD_MICHIGAN, Michigan, None)",S_EVT_PURE_MICHIGAN_400,"GRIDORDER_c(1717, QUALIFIED, 43)",FULL,23,[],NASCARTROPHY_c(15897),None,131926034,1,"[WEEKENDEVENT_c(8619, None, 1, 1, None, 28.0, 31.0, True), WEEKENDEVENT_c(8620, None, 2, -1, None, 30.0, 28.0, True), WEEKENDEVENT_c(8621, None, 3, 2, None, 24.0, 28.0, True), WEEKENDEVENT_c(8622, None, 4, -1, None, 27.0, 32.0, True)]",10.0,40.0,15.0,30.0,NORMAL,2,MichiganRace2Int,True,False,[],[],None,False,"OverrideDiff_Easy_c(0.0, 1.0)","OverrideDiff_Norm_c(0.0, 1.0)","OverrideDiff_Hard_c(0.0, 1.0)","OverrideDiff_Champ_c(0.0, 1.0)"
RACEDATA_c,22091,,22091,0x5407,22091,"RACESERIES_c(18306, S_SERIES_SPRINT_CUP, 18307, IMGSPRINTCUP2013.ARC, [], [], 2013, False, None)","RACETYPE_c(1165, 1166, S_MULTI_QUICKRACE_UC)","RACESTARTTYPE_c(1171, 1172)","RACEROUTETYPE_c(1175, 1176)","CUSTOMCAR_c(18303, 18304)",500,43,22092,"EVENT_c(1860, cr000, S_EVENT_BRISTOL_NIGHT, bristol, None)",S_EVT_SHARPIE_500,"GRIDORDER_c(1717, QUALIFIED, 43)",FULL,24,[],NASCARTROPHY_c(15898),None,131926040,1,"[WEEKENDEVENT_c(18828, None, 4, -1, None, 0.0, 0.0, False), WEEKENDEVENT_c(8683, None, 1, 1, None, 28.0, 32.0, False), WEEKENDEVENT_c(8684, None, 2, 2, None, 30.0, 28.0, False), WEEKENDEVENT_c(8685, None, 3, -1, None, 26.0, 24.0, False), WEEKENDEVENT_c(8686, None, 5, -1, None, 27.0, 22.0, False)]",10.0,40.0,15.0,30.0,NORMAL,2,BristolNightInt,False,False,[],[],"WORLDSCRIPT_c(5348, 5349, S_WORLD_BRISTOL, 30.0, 0.533, None, S_WORLD_LOC_BRISTOL, None, None, False, 3, 55, 160000, 128517918, [], 15.645, None, S_HDRIVER_D_WALTRIP, S_HDRIVER_PETTYWALTRIP, S_DRIVER_K_BUSCH_02, S_HDRIVER_C_GLOTZBACH, False, S_TB_BRISTOL, 8.0, 22.0, True, 17.705, 16.936, 16.166, 129.535, 101.074, 82, False, None, S_HDRIVER_R_PETTY, [], 16.435, 17.245, 17.945, 19.0, 32.0, 19.365, 18.434, 17.731, 16.745, 0.975, Bristol)",False,"OverrideDiff_Easy_c(0.0, 1.0)","OverrideDiff_Norm_c(0.0, 1.0)","OverrideDiff_Hard_c(0.0, 1.0)","OverrideDiff_Champ_c(0.0, 1.0)"
RACEDATA_c,22093,,22093,0x54B2,22093,"RACESERIES_c(18306, S_SERIES_SPRINT_CUP, 18307, IMGSPRINTCUP2013.ARC, [], [], 2013, False, None)","RACETYPE_c(1165, 1166, S_MULTI_QUICKRACE_UC)","RACESTARTTYPE_c(1171, 1172)","RACEROUTETYPE_c(1175, 1176)","CUSTOMCAR_c(18303, 18304)",325,43,22094,"EVENT_c(1691, cr000, S_EVENT_ATLANTA_NIGHT, atlanta, None)",S_EVT_ADVOCARE_500,"GRIDORDER_c(1717, QUALIFIED, 43)",FULL,25,[],NASCARTROPHY_c(15899),None,131926273,1,"[WEEKENDEVENT_c(8722, None, 1, 1, None, 27.0, 30.0, False), WEEKENDEVENT_c(8723, None, 2, 2, None, 29.0, 34.0, False), WEEKENDEVENT_c(8724, None, 3, -1, None, 25.0, 29.0, False), WEEKENDEVENT_c(8725, None, 5, -1, None, 31.0, 27.0, False), WEEKENDEVENT_c(18766, None, 4, -1, None, 0.0, 0.0, False)]",10.0,40.0,15.0,30.0,NORMAL,2,AtlantaInt,False,False,[],[],"WORLDSCRIPT_c(5406, 5407, S_WORLD_ATLANTA, 24.0, 1.54, None, S_WORLD_LOC_ATLANTA, None, None, False, 33, 54, 124000, 128452383, [], 29.877, None, S_HDRIVER_D_EARNHARDT, S_HDRIVER_D_EARNHARDT, S_HDRIVER_G_BODINE, S_HDRIVER_D_EARNHARDT, False, S_TB_ATLANTA, 9.0, 23.0, True, 33.075, 31.637, 30.199, 197.478, 163.633, 81, False, None, S_HDRIVER_R_PETTY, [], 30.921, 32.379, 33.587, 8.0, 26.0, 36.844, 35.934, 35.178, 33.625, 0.945, Atlanta)",False,"OverrideDiff_Easy_c(0.0, 1.0)","OverrideDiff_Norm_c(0.0, 1.0)","OverrideDiff_Hard_c(0.0, 1.0)","OverrideDiff_Champ_c(0.0, 1.0)"
RACEDATA_c,22095,,22095,0x555D,22095,"RACESERIES_c(18306, S_SERIES_SPRINT_CUP, 18307, IMGSPRINTCUP2013.ARC, [], [], 2013, False, None)","RACETYPE_c(1165, 1166, S_MULTI_QUICKRACE_UC)","RACESTARTTYPE_c(1171, 1172)","RACEROUTETYPE_c(1175, 1176)","CUSTOMCAR_c(18303, 18304)",400,43,22096,"EVENT_c(12292, cr000, S_EVENT_RICHMOND_NIGHT, richmond, None)",S_EVT_FEDERATED_AUTO_PARTS_400,"GRIDORDER_c(1717, QUALIFIED, 43)",FULL,26,[],NASCARTROPHY_c(15900),None,131926279,1,"[WEEKENDEVENT_c(8727, None, 1, 1, None, 28.0, 34.0, True), WEEKENDEVENT_c(8728, None, 2, 2, None, 30.0, 31.0, True), WEEKENDEVENT_c(8729, None, 3, -1, None, 28.0, 27.0, True), WEEKENDEVENT_c(8730, None, 5, -1, None, 31.0, 26.0, True), WEEKENDEVENT_c(21787, None, 4, -1, None, 0.0, 0.0, True)]",10.0,40.0,15.0,30.0,NORMAL,2,RichmondRace2Int,True,False,[],[],"WORLDSCRIPT_c(1635, 1636, S_WORLD_RICHMOND, 14.0, 0.75, None, S_WORLD_LOC_RICHMOND, None, None, False, 25, 44, 97912, 127992851, [], 21.556, None, S_HDRIVER_R_PETTY, S_HDRIVER_R_PETTY, S_DRIVER_M_KENSETH, S_HDRIVER_D_JARRET, False, S_TB_RICHMOND, 18.0, 23.0, False, 24.434, 23.372, 22.309, 130.334, 109.047, 76, False, None, S_HDRIVER_R_PETTY, [], 22.645, 23.232, 24.487, 16.0, 30.0, 25.984, 24.889, 23.976, 22.952, 0.98, Richmond)",False,"OverrideDiff_Easy_c(0.0, 1.0)","OverrideDiff_Norm_c(0.0, 1.0)","OverrideDiff_Hard_c(0.0, 1.0)","OverrideDiff_Champ_c(0.0, 1.0)"
RACEDATA_c,22097,,22097,0x5608,22097,"RACESERIES_c(18306, S_SERIES_SPRINT_CUP, 18307, IMGSPRINTCUP2013.ARC, [], [], 2013, False, None)","RACETYPE_c(1165, 1166, S_MULTI_QUICKRACE_UC)","RACESTARTTYPE_c(1171, 1172)","RACEROUTETYPE_c(1175, 1176)","CUSTOMCAR_c(18303, 18304)",267,43,22098,"EVENT_c(1226, cr000, S_WORLD_CHICAGOLAND, chicagoland, None)",S_EVT_GEICO_400,"GRIDORDER_c(1717, QUALIFIED, 43)",FULL,27,[],NASCARTROPHY_c(15901),None,131926287,1,"[WEEKENDEVENT_c(14573, None, 1, 1, None, 32.0, 34.0, False), WEEKENDEVENT_c(14574, None, 2, 2, None, 33.0, 35.0, False), WEEKENDEVENT_c(14575, None, 3, -1, None, 33.0, 34.0, False), WEEKENDEVENT_c(14576, None, 4, -1, None, 31.0, 35.0, False)]",10.0,40.0,15.0,30.0,NORMAL,2,ChicagoInt,False,False,[],[],None,False,"OverrideDiff_Easy_c(0.0, 1.0)","OverrideDiff_Norm_c(0.0, 1.0)","OverrideDiff_Hard_c(0.0, 1.0)","OverrideDiff_Champ_c(0.0, 1.0)"
RACEDATA_c,22099,,22099,0x56B3,22099,"RACESERIES_c(18306, S_SERIES_SPRINT_CUP, 18307, IMGSPRINTCUP2013.ARC, [], [], 2013, False, None)","RACETYPE_c(1165, 1166, S_MULTI_QUICKRACE_UC)","RACESTARTTYPE_c(1171, 1172)","RACEROUTETYPE_c(1175, 1176)","CUSTOMCAR_c(18303, 18304)",300,43,22100,"EVENT_c(2632, cr000, S_WORLD_NEW_HAMPSHIRE, NewHampshire, None)",S_EVT_SYLVANIA_300,"GRIDORDER_c(1717, QUALIFIED, 43)",FULL,28,[],NASCARTROPHY_c(15902),None,131926294,1,"[WEEKENDEVENT_c(8732, None, 1, 1, None, 28.0, 31.0, False), WEEKENDEVENT_c(8733, None, 2, -1, None, 30.0, 28.0, False), WEEKENDEVENT_c(8734, None, 3, 2, None, 24.0, 27.0, False), WEEKENDEVENT_c(8735, None, 4, 3, None, 27.0, 30.0, False), WEEKENDEVENT_c(8736, None, 5, -1, None, 27.0, 32.0, False)]",10.0,40.0,15.0,30.0,NORMAL,2,NHmpRace2Int,False,False,[],[],None,False,"OverrideDiff_Easy_c(0.0, 1.0)","OverrideDiff_Norm_c(0.0, 1.0)","OverrideDiff_Hard_c(0.0, 1.0)","OverrideDiff_Champ_c(0.0, 1.0)"
RACEDATA_c,22101,,22101,0x575E,22101,"RACESERIES_c(18306, S_SERIES_SPRINT_CUP, 18307, IMGSPRINTCUP2013.ARC, [], [], 2013, False, None)","RACETYPE_c(1165, 1166, S_MULTI_QUICKRACE_UC)","RACESTARTTYPE_c(1171, 1172)","RACEROUTETYPE_c(1175, 1176)","CUSTOMCAR_c(18303, 18304)",400,43,22102,"EVENT_c(1460, cr000, S_WORLD_DOVER, dover, None)",S_EVT_AAA_400,"GRIDORDER_c(1717, QUALIFIED, 43)",FULL,29,[],NASCARTROPHY_c(15903),None,131926301,1,"[WEEKENDEVENT_c(9353, None, 1, 1, None, 24.0, 30.0, False), WEEKENDEVENT_c(9354, None, 2, 2, None, 28.0, 32.0, False), WEEKENDEVENT_c(9355, None, 3, -1, None, 29.0, 30.0, False), WEEKENDEVENT_c(9356, None, 4, -1, None, 28.0, 32.0, False)]",10.0,40.0,15.0,30.0,NORMAL,2,DoverIntAAA400,False,False,[],[],None,False,"OverrideDiff_Easy_c(0.0, 1.0)","OverrideDiff_Norm_c(0.0, 1.0)","OverrideDiff_Hard_c(0.0, 1.0)","OverrideDiff_Champ_c(0.0, 1.0)"
RACEDATA_c,22103,,22103,0x5809,22103,"RACESERIES_c(18306, S_SERIES_SPRINT_CUP, 18307, IMGSPRINTCUP2013.ARC, [], [], 2013, False, None)","RACETYPE_c(1165, 1166, S_MULTI_QUICKRACE_UC)","RACESTARTTYPE_c(1171, 1172)","RACEROUTETYPE_c(1175, 1176)","CUSTOMCAR_c(18303, 18304)",188,43,22104,"EVENT_c(1763, cr000, S_WORLD_TALLADEGA, talladega, None)",S_EVT_CAMPING_WORLD_RV_500,"GRIDORDER_c(1717, QUALIFIED, 43)",FULL,32,[],NASCARTROPHY_c(15904),None,131926548,1,"[WEEKENDEVENT_c(9359, None, 1, 1, None, 27.0, 30.0, True), WEEKENDEVENT_c(9360, None, 2, 2, None, 29.0, 34.0, True), WEEKENDEVENT_c(9361, None, 3, -1, None, 32.0, 34.0, True), WEEKENDEVENT_c(9362, None, 4, -1, None, 28.0, 33.0, True)]",10.0,40.0,15.0,30.0,NORMAL,2,TalRace2Int,True,False,[],[],None,False,"OverrideDiff_Easy_c(0.0, 1.0)","OverrideDiff_Norm_c(0.0, 1.0)","OverrideDiff_Hard_c(0.0, 1.0)","OverrideDiff_Champ_c(0.0, 1.0)"
RACEDATA_c,22105,,22105,0x58B4,22105,"RACESERIES_c(18306, S_SERIES_SPRINT_CUP, 18307, IMGSPRINTCUP2013.ARC, [], [], 2013, False, None)","RACETYPE_c(1165, 1166, S_MULTI_QUICKRACE_UC)","RACESTARTTYPE_c(1171, 1172)","RACEROUTETYPE_c(1175, 1176)","CUSTOMCAR_c(18303, 18304)",334,43,22106,"EVENT_c(11244, cr000, S_EVENT_CHARLOTTE_NIGHT, lowes, None)",S_EVT_NASCAR_BANKING_500,"GRIDORDER_c(1717, QUALIFIED, 43)",FULL,31,[],NASCARTROPHY_c(15905),None,131926540,1,"[WEEKENDEVENT_c(18829, None, 5, -1, None, 0.0, 0.0, True), WEEKENDEVENT_c(9377, None, 1, 1, None, 29.0, 28.0, False), WEEKENDEVENT_c(9378, None, 2, -1, None, 29.0, 28.0, False), WEEKENDEVENT_c(9379, None, 3, 2, None, 30.0, 29.0, False), WEEKENDEVENT_c(9380, None, 4, 3, None, 29.0, 28.0, False), WEEKENDEVENT_c(9381, None, 6, -1, None, 30.0, 27.0, True)]",10.0,40.0,15.0,30.0,NORMAL,2,LowesNightInt,False,False,[],[],"WORLDSCRIPT_c(1528, 1529, S_WORLD_CHARLOTTE, 24.0, 1.5, None, S_WORLD_LOC_CHARLOTTE, None, None, False, 6, 38, 134000, 128452115, [], 28.845, None, S_DRIVER_J_JOHNSON, S_TH_ALLISON_PETTY, S_DRIVER_G_BIFFLE, S_DRIVER_J_GORDON, False, S_TB_LOWES, 20.0, 25.0, True, 33.112, 31.672, 30.233, 193.708, 160.682, 70, False, None, S_HDRIVER_R_PETTY, [], 29.888, 30.943, 32.653, 19.0, 30.0, 34.476, 32.854, 31.653, 30.354, 0.98, Lowes)",False,"OverrideDiff_Easy_c(0.0, 1.0)","OverrideDiff_Norm_c(0.0, 1.0)","OverrideDiff_Hard_c(0.0, 1.0)","OverrideDiff_Champ_c(0.0, 1.0)"
RACEDATA_c,22107,,22107,0x595F,22107,"RACESERIES_c(18306, S_SERIES_SPRINT_CUP, 18307, IMGSPRINTCUP2013.ARC, [], [], 2013, False, None)","RACETYPE_c(1165, 1166, S_MULTI_QUICKRACE_UC)","RACESTARTTYPE_c(1171, 1172)","RACEROUTETYPE_c(1175, 1176)","CUSTOMCAR_c(18303, 18304)",267,43,22108,"EVENT_c(2524, cr000, S_WORLD_KANSAS_CITY, Kansas, None)",S_EVT_CASINO_400,"GRIDORDER_c(1717, QUALIFIED, 43)",FULL,30,[],NASCARTROPHY_c(15906),None,131926534,1,"[WEEKENDEVENT_c(9383, None, 1, 1, None, 29.0, 34.0, False), WEEKENDEVENT_c(9384, None, 2, -1, None, 31.0, 29.0, False), WEEKENDEVENT_c(9385, None, 3, 2, None, 28.0, 32.0, False), WEEKENDEVENT_c(9386, None, 4, 3, None, 32.0, 35.0, False), WEEKENDEVENT_c(9387, None, 5, -1, None, 32.0, 36.0, False)]",10.0,40.0,15.0,30.0,NORMAL,2,KansasRace2Int,True,False,[],[],None,False,"OverrideDiff_Easy_c(0.0, 1.0)","OverrideDiff_Norm_c(0.0, 1.0)","OverrideDiff_Hard_c(0.0, 1.0)","OverrideDiff_Champ_c(0.0, 1.0)"
RACEDATA_c,22109,,22109,0x5A0A,22109,"RACESERIES_c(18306, S_SERIES_SPRINT_CUP, 18307, IMGSPRINTCUP2013.ARC, [], [], 2013, False, None)","RACETYPE_c(1165, 1166, S_MULTI_QUICKRACE_UC)","RACESTARTTYPE_c(1171, 1172)","RACEROUTETYPE_c(1175, 1176)","CUSTOMCAR_c(18303, 18304)",500,43,22110,"EVENT_c(1671, cr000, S_WORLD_MARTINSVILLE, martinsville, None)",S_EVT_GOODYS_FAST_RELIEF,"GRIDORDER_c(1717, QUALIFIED, 43)",FULL,33,[],NASCARTROPHY_c(15907),None,131926555,1,"[WEEKENDEVENT_c(9389, None, 1, 1, None, 28.0, 30.0, False), WEEKENDEVENT_c(9390, None, 2, 2, None, 31.0, 27.0, False), WEEKENDEVENT_c(9391, None, 3, -1, None, 29.0, 32.0, False), WEEKENDEVENT_c(9392, None, 4, -1, None, 27.0, 32.0, False)]",10.0,40.0,15.0,30.0,NORMAL,2,MartinsvilleRace2Intro,True,False,[],[],None,False,"OverrideDiff_Easy_c(0.0, 1.0)","OverrideDiff_Norm_c(0.0, 1.0)","OverrideDiff_Hard_c(0.0, 1.0)","OverrideDiff_Champ_c(0.0, 1.0)"
RACEDATA_c,22111,,22111,0x5AB5,22111,"RACESERIES_c(18306, S_SERIES_SPRINT_CUP, 18307, IMGSPRINTCUP2013.ARC, [], [], 2013, False, None)","RACETYPE_c(1165, 1166, S_MULTI_QUICKRACE_UC)","RACESTARTTYPE_c(1171, 1172)","RACEROUTETYPE_c(1175, 1176)","CUSTOMCAR_c(18303, 18304)",334,43,22112,"EVENT_c(2440, cr000, S_WORLD_TEXAS, texas, None)",S_EVT_AAA_500,"GRIDORDER_c(1717, QUALIFIED, 43)",FULL,34,[],NASCARTROPHY_c(15908),None,131926787,1,"[WEEKENDEVENT_c(9394, None, 1, 1, None, 29.0, 35.0, True), WEEKENDEVENT_c(9395, None, 2, -1, None, 32.0, 29.0, True), WEEKENDEVENT_c(9396, None, 3, 2, None, 26.0, 29.0, True), WEEKENDEVENT_c(9397, None, 4, 3, None, 29.0, 31.0, True), WEEKENDEVENT_c(9398, None, 5, -1, None, 32.0, 34.0, True)]",10.0,40.0,15.0,30.0,NORMAL,2,Texasint,True,False,[],[],None,False,"OverrideDiff_Easy_c(0.0, 1.0)","OverrideDiff_Norm_c(0.0, 1.0)","OverrideDiff_Hard_c(0.0, 1.0)","OverrideDiff_Champ_c(0.0, 1.0)"
RACEDATA_c,22113,,22113,0x5B60,22113,"RACESERIES_c(18306, S_SERIES_SPRINT_CUP, 18307, IMGSPRINTCUP2013.ARC, [], [], 2013, False, None)","RACETYPE_c(1165, 1166, S_MULTI_QUICKRACE_UC)","RACESTARTTYPE_c(1171, 1172)","RACEROUTETYPE_c(1175, 1176)","CUSTOMCAR_c(18303, 18304)",312,43,22114,"EVENT_c(1659, cr000, S_EVENT_PHOENIX_DAY, phoenix, None)",S_EVT_ADVOCARE_500,"GRIDORDER_c(1717, QUALIFIED, 43)",FULL,35,[],NASCARTROPHY_c(15909),None,131926794,1,"[WEEKENDEVENT_c(14590, None, 1, 1, None, 30.0, 33.0, False), WEEKENDEVENT_c(14591, None, 2, 2, None, 32.0, 36.0, False), WEEKENDEVENT_c(14592, None, 3, -1, None, 31.0, 33.0, False), WEEKENDEVENT_c(14593, None, 4, -1, None, 31.0, 34.0, False)]",10.0,40.0,15.0,30.0,NORMAL,2,PhoenixRace2Int,False,False,[],[],None,False,"OverrideDiff_Easy_c(0.0, 1.0)","OverrideDiff_Norm_c(0.0, 1.0)","OverrideDiff_Hard_c(0.0, 1.0)","OverrideDiff_Champ_c(0.0, 1.0)"
RACEDATA_c,22115,,22115,0x5C0B,22115,"RACESERIES_c(18306, S_SERIES_SPRINT_CUP, 18307, IMGSPRINTCUP2013.ARC, [], [], 2013, False, None)","RACETYPE_c(1165, 1166, S_MULTI_QUICKRACE_UC)","RACESTARTTYPE_c(1171, 1172)","RACEROUTETYPE_c(1175, 1176)","CUSTOMCAR_c(18303, 18304)",267,43,22116,"EVENT_c(1629, cr000, S_WORLD_HOMESTEAD, homestead, None)",S_EVT_FORD_ECOBOOST_400,"GRIDORDER_c(1717, QUALIFIED, 43)",FULL,36,[],NASCARTROPHY_c(15910),None,131926801,1,"[WEEKENDEVENT_c(14578, None, 1, 1, None, 29.0, 31.0, False), WEEKENDEVENT_c(14579, None, 2, 2, None, 30.0, 34.0, False), WEEKENDEVENT_c(14580, None, 3, -1, None, 34.0, 35.0, False), WEEKENDEVENT_c(14581, None, 4, -1, None, 32.0, 29.0, False)]",10.0,40.0,15.0,30.0,NORMAL,2,HomesteadInt,False,False,[],[],None,False,"OverrideDiff_Easy_c(0.0, 1.0)","OverrideDiff_Norm_c(0.0, 1.0)","OverrideDiff_Hard_c(0.0, 1.0)","OverrideDiff_Champ_c(0.0, 1.0)"
RACEDATA_c,22117,,22117,0x5CB6,22117,"RACESERIES_c(18306, S_SERIES_SPRINT_CUP, 18307, IMGSPRINTCUP2013.ARC, [], [], 2013, False, None)","RACETYPE_c(7698, 7699, S_EVT_ALL_STAR)","RACESTARTTYPE_c(1171, 1172)","RACEROUTETYPE_c(1175, 1176)","CUSTOMCAR_c(18303, 18304)",90,43,22118,"EVENT_c(11244, cr000, S_EVENT_CHARLOTTE_NIGHT, lowes, None)",,"GRIDORDER_c(1717, QUALIFIED, 43)",FULL,99,[],None,None,131794195,1,[],15.0,40.0,15.0,30.0,NORMAL,2,LowesAllStarInt,False,False,[],[],"WORLDSCRIPT_c(1528, 1529, S_WORLD_CHARLOTTE, 24.0, 1.5, None, S_WORLD_LOC_CHARLOTTE, None, None, False, 6, 38, 134000, 128452115, [], 28.845, None, S_DRIVER_J_JOHNSON, S_TH_ALLISON_PETTY, S_DRIVER_G_BIFFLE, S_DRIVER_J_GORDON, False, S_TB_LOWES, 20.0, 25.0, True, 33.112, 31.672, 30.233, 193.708, 160.682, 70, False, None, S_HDRIVER_R_PETTY, [], 29.888, 30.943, 32.653, 19.0, 30.0, 34.476, 32.854, 31.653, 30.354, 0.98, Lowes)",False,"OverrideDiff_Easy_c(0.0, 1.0)","OverrideDiff_Norm_c(0.0, 1.0)","OverrideDiff_Hard_c(0.0, 1.0)","OverrideDiff_Champ_c(0.0, 1.0)"
RACEDATA_c,22121,,22121,0x5D61,22121,"RACESERIES_c(18306, S_SERIES_SPRINT_CUP, 18307, IMGSPRINTCUP2013.ARC, [], [], 2013, False, None)","RACETYPE_c(10523, 10524, S_IVT_DRIVER_DUEL)","RACESTARTTYPE_c(18851, 18852)","RACEROUTETYPE_c(1175, 1176)","CUSTOMCAR_c(18303, 18304)",10,43,22122,"EVENT_c(1637, cr000, S_WORLD_RICHMOND, richmond, None)",S_IVT_DRIVER_DUEL,"GRIDORDER_c(1717, QUALIFIED, 43)",FULL,-1,"[DRIVERCONFIG_c(18341, None, None, None, None, None, None, None, True, None, None, 2013_DILLON, 129106177), DRIVERCONFIG_c(18335, None, None, None, None, None, None, None, True, None, None, 2013_KVAPIL, 129106177), DRIVERCONFIG_c(18329, None, None, None, None, None, None, None, True, None, None, 2013_MCDOWELL, 129106177), DRIVERCONFIG_c(18312, None, None, None, None, None, None, None, True, None, None, 2013_NEMECHEK, 129106177), DRIVERCONFIG_c(21847, None, None, None, None, None, None, None, True, None, None, 2013_PASTRANA, 129106177), DRIVERCONFIG_c(18310, None, None, None, None, None, None, None, True, None, None, 2013_SPEED, 129106177), DRIVERCONFIG_c(18311, None, None, None, None, None, None, None, True, None, None, 2013_STENHOUSE, 129106177), DRIVERCONFIG_c(18332, None, None, None, None, None, None, None, True, None, None, 2013_STREMME, 129106177), DRIVERCONFIG_c(18331, None, None, None, None, None, None, None, True, None, None, 2013_WISE, 129106177)]",None,None,131859482,1,[],15.0,40.0,15.0,30.0,NORMAL,2,,False,False,"[DRIVERCONFIG_c(18308, None, None, None, None, None, None, None, True, None, None, 2013_ALMIROLA, 129106177), DRIVERCONFIG_c(18320, None, None, None, None, None, None, None, True, None, None, 2013_AMBROSE, 129106177), DRIVERCONFIG_c(18345, None, None, None, None, None, None, None, True, None, None, 2013_BUSCHKURT, 131334401), DRIVERCONFIG_c(18325, None, None, None, None, None, None, None, True, None, None, 2013_KAHNE, 129106177), DRIVERCONFIG_c(18346, None, None, None, None, None, None, None, True, None, None, 2013_LOGANO, 129106177), DRIVERCONFIG_c(18322, None, None, None, None, None, None, None, True, None, None, 2013_MCMURRAY, 129106177), DRIVERCONFIG_c(18334, None, None, None, None, None, None, None, True, None, None, 2013_MENARD, 129106177), DRIVERCONFIG_c(18342, None, None, None, None, None, None, None, True, None, None, 2013_PATRICK, 129106177), DRIVERCONFIG_c(18350, None, None, None, None, None, None, None, True, None, None, 2013_RAGAN, 129106177), DRIVERCONFIG_c(18343, None, None, None, None, None, None, None, True, None, None, 2013_TRUEXMARTIN, 129106177)]","[DRIVERCONFIG_c(18314, None, None, None, None, None, None, None, True, None, None, 2013_BOWYER, 129106177), DRIVERCONFIG_c(18339, None, None, None, None, None, None, None, True, None, None, 2013_BURTON, 129106177), DRIVERCONFIG_c(18309, None, None, None, None, None, None, None, True, None, None, 2013_BUSCHKYLE, 129106177), DRIVERCONFIG_c(18349, None, None, None, None, None, None, None, True, None, None, 2013_EARNHARDT, 129106177), DRIVERCONFIG_c(18318, None, None, None, None, None, None, None, True, None, None, 2013_EDWARDS, 129106177), DRIVERCONFIG_c(18328, None, None, None, None, None, None, None, True, None, None, 2013_GORDONJEFF, 129106177), DRIVERCONFIG_c(18347, None, None, None, None, None, None, None, True, None, None, 2013_HAMLIN, 129106177), DRIVERCONFIG_c(18340, None, None, None, None, None, None, None, True, None, None, 2013_HARVICK, 129106177), DRIVERCONFIG_c(18333, None, None, None, None, None, None, None, True, None, None, 2013_JOHNSON, 131727617), DRIVERCONFIG_c(18324, None, None, None, None, None, None, None, True, None, None, 2013_KENSETH, 131268865), DRIVERCONFIG_c(18315, None, None, None, None, None, None, None, True, None, None, 2013_KESELOWSKI, 129106177), DRIVERCONFIG_c(18344, None, None, None, None, None, None, None, True, None, None, 2013_MONTOYA, 129106177), DRIVERCONFIG_c(18338, None, None, None, None, None, None, None, True, None, None, 2013_NEWMAN, 129106177)]",None,False,"OverrideDiff_Easy_c(0.0, 1.0)","OverrideDiff_Norm_c(0.0, 1.0)","OverrideDiff_Hard_c(0.0, 1.0)","OverrideDiff_Champ_c(0.0, 1.0)"
RACEDATA_c,22123,,22123,0x5E0C,22123,"RACESERIES_c(18306, S_SERIES_SPRINT_CUP, 18307, IMGSPRINTCUP2013.ARC, [], [], 2013, False, None)","RACETYPE_c(10523, 10524, S_IVT_DRIVER_DUEL)","RACESTARTTYPE_c(18851, 18852)","RACEROUTETYPE_c(1175, 1176)","CUSTOMCAR_c(18303, 18304)",10,43,22124,"EVENT_c(1671, cr000, S_WORLD_MARTINSVILLE, martinsville, None)",S_IVT_DRIVER_DUEL,"GRIDORDER_c(1717, QUALIFIED, 43)",FULL,-1,"[DRIVERCONFIG_c(18336, None, None, None, None, None, None, None, True, None, None, 2013_BAYNE, 129106177), DRIVERCONFIG_c(18321, None, None, None, None, None, None, None, True, None, None, 2013_BLANEY, 129106177), DRIVERCONFIG_c(18330, None, None, None, None, None, None, None, True, None, None, 2013_GILLILAND, 129106177), DRIVERCONFIG_c(18335, None, None, None, None, None, None, None, True, None, None, 2013_KVAPIL, 129106177), DRIVERCONFIG_c(18317, None, None, None, None, None, None, None, True, None, None, 2013_LABONTEBOBBY, 129106177), DRIVERCONFIG_c(18348, None, None, None, None, None, None, None, True, None, None, 2013_MEARS, 129106177), DRIVERCONFIG_c(18311, None, None, None, None, None, None, None, True, None, None, 2013_STENHOUSE, 129106177)]",None,None,131860482,1,[],15.0,40.0,15.0,30.0,NORMAL,2,,False,False,"[DRIVERCONFIG_c(18314, None, None, None, None, None, None, None, True, None, None, 2013_BOWYER, 129106177), DRIVERCONFIG_c(18339, None, None, None, None, None, None, None, True, None, None, 2013_BURTON, 129106177), DRIVERCONFIG_c(18349, None, None, None, None, None, None, None, True, None, None, 2013_EARNHARDT, 129106177), DRIVERCONFIG_c(18318, None, None, None, None, None, None, None, True, None, None, 2013_EDWARDS, 129106177), DRIVERCONFIG_c(18315, None, None, None, None, None, None, None, True, None, None, 2013_KESELOWSKI, 129106177), DRIVERCONFIG_c(18344, None, None, None, None, None, None, None, True, None, None, 2013_MONTOYA, 129106177)]","[DRIVERCONFIG_c(18323, None, None, None, None, None, None, None, True, None, None, 2013_BIFFLE, 129106177), DRIVERCONFIG_c(18314, None, None, None, None, None, None, None, True, None, None, 2013_BOWYER, 129106177), DRIVERCONFIG_c(18345, None, None, None, None, None, None, None, True, None, None, 2013_BUSCHKURT, 131334401), DRIVERCONFIG_c(18309, None, None, None, None, None, None, None, True, None, None, 2013_BUSCHKYLE, 129106177), DRIVERCONFIG_c(18328, None, None, None, None, None, None, None, True, None, None, 2013_GORDONJEFF, 129106177), DRIVERCONFIG_c(18347, None, None, None, None, None, None, None, True, None, None, 2013_HAMLIN, 129106177), DRIVERCONFIG_c(18340, None, None, None, None, None, None, None, True, None, None, 2013_HARVICK, 129106177), DRIVERCONFIG_c(18333, None, None, None, None, None, None, None, True, None, None, 2013_JOHNSON, 131727617), DRIVERCONFIG_c(18325, None, None, None, None, None, None, None, True, None, None, 2013_KAHNE, 129106177), DRIVERCONFIG_c(18324, None, None, None, None, None, None, None, True, None, None, 2013_KENSETH, 131268865), DRIVERCONFIG_c(18337, None, None, None, None, None, None, None, True, None, None, 2013_STEWART, 131793153)]",None,False,"OverrideDiff_Easy_c(0.0, 1.0)","OverrideDiff_Norm_c(0.0, 1.0)","OverrideDiff_Hard_c(0.0, 1.0)","OverrideDiff_Champ_c(0.0, 1.0)"
RACEDATA_c,22125,,22125,0x5EB7,22125,"RACESERIES_c(18306, S_SERIES_SPRINT_CUP, 18307, IMGSPRINTCUP2013.ARC, [], [], 2013, False, None)","RACETYPE_c(10523, 10524, S_IVT_DRIVER_DUEL)","RACESTARTTYPE_c(18851, 18852)","RACEROUTETYPE_c(1175, 1176)","CUSTOMCAR_c(18303, 18304)",10,43,22126,"EVENT_c(1460, cr000, S_WORLD_DOVER, dover, None)",S_IVT_DRIVER_DUEL,"GRIDORDER_c(1717, QUALIFIED, 43)",FULL,-1,"[DRIVERCONFIG_c(18345, None, None, None, None, None, None, None, True, None, None, 2013_BUSCHKURT, 131334401), DRIVERCONFIG_c(18349, None, None, None, None, None, None, None, True, None, None, 2013_EARNHARDT, 129106177), DRIVERCONFIG_c(18344, None, None, None, None, None, None, None, True, None, None, 2013_MONTOYA, 129106177), DRIVERCONFIG_c(18338, None, None, None, None, None, None, None, True, None, None, 2013_NEWMAN, 129106177)]",None,None,131860763,1,[],15.0,40.0,15.0,30.0,NORMAL,2,,False,False,"[DRIVERCONFIG_c(18339, None, None, None, None, None, None, None, True, None, None, 2013_BURTON, 129106177), DRIVERCONFIG_c(18318, None, None, None, None, None, None, None, True, None, None, 2013_EDWARDS, 129106177), DRIVERCONFIG_c(18324, None, None, None, None, None, None, None, True, None, None, 2013_KENSETH, 131268865)]","[DRIVERCONFIG_c(18314, None, None, None, None, None, None, None, True, None, None, 2013_BOWYER, 129106177), DRIVERCONFIG_c(18309, None, None, None, None, None, None, None, True, None, None, 2013_BUSCHKYLE, 129106177), DRIVERCONFIG_c(18328, None, None, None, None, None, None, None, True, None, None, 2013_GORDONJEFF, 129106177), DRIVERCONFIG_c(18347, None, None, None, None, None, None, None, True, None, None, 2013_HAMLIN, 129106177), DRIVERCONFIG_c(18340, None, None, None, None, None, None, None, True, None, None, 2013_HARVICK, 129106177), DRIVERCONFIG_c(18333, None, None, None, None, None, None, None, True, None, None, 2013_JOHNSON, 131727617)]",None,False,"OverrideDiff_Easy_c(0.0, 1.0)","OverrideDiff_Norm_c(0.0, 1.0)","OverrideDiff_Hard_c(0.0, 1.0)","OverrideDiff_Champ_c(0.0, 1.0)"
RACEDATA_c,22127,,22127,0x5F62,22127,"RACESERIES_c(18306, S_SERIES_SPRINT_CUP, 18307, IMGSPRINTCUP2013.ARC, [], [], 2013, False, None)","RACETYPE_c(1785, 1786, S_ETN_ELIMINATOR)","RACESTARTTYPE_c(1171, 1172)","RACEROUTETYPE_c(1175, 1176)","CUSTOMCAR_c(18303, 18304)",2,10,22128,"EVENT_c(1050, cr000, S_EVENT_AUTOCLUB, autoclub, None)",S_ETN_ELIMINATOR,"GRIDORDER_c(1724, PREDEFINED, 30)",FULL,-1,"[DRIVERCONFIG_c(18308, None, None, None, None, None, None, None, True, None, None, 2013_ALMIROLA, 129106177), DRIVERCONFIG_c(18336, None, None, None, None, None, None, None, True, None, None, 2013_BAYNE, 129106177), DRIVERCONFIG_c(18321, None, None, None, None, None, None, None, True, None, None, 2013_BLANEY, 129106177), DRIVERCONFIG_c(18318, None, None, None, None, None, None, None, True, None, None, 2013_EDWARDS, 129106177), DRIVERCONFIG_c(18330, None, None, None, None, None, None, None, True, None, None, 2013_GILLILAND, 129106177), DRIVERCONFIG_c(18335, None, None, None, None, None, None, None, True, None, None, 2013_KVAPIL, 129106177), DRIVERCONFIG_c(18348, None, None, None, None, None, None, None, True, None, None, 2013_MEARS, 129106177), DRIVERCONFIG_c(18312, None, None, None, None, None, None, None, True, None, None, 2013_NEMECHEK, 129106177), DRIVERCONFIG_c(18331, None, None, None, None, None, None, None, True, None, None, 2013_WISE, 129106177)]",None,None,131859222,1,[],10.0,40.0,15.0,30.0,NORMAL,2,,False,False,"[DRIVERCONFIG_c(9658, None, None, None, None, None, None, None, True, None, None, 2012_AMBROSE, 129106177), DRIVERCONFIG_c(18315, None, None, None, None, None, None, None, True, None, None, 2013_KESELOWSKI, 129106177), DRIVERCONFIG_c(18322, None, None, None, None, None, None, None, True, None, None, 2013_MCMURRAY, 129106177), DRIVERCONFIG_c(18334, None, None, None, None, None, None, None, True, None, None, 2013_MENARD, 129106177), DRIVERCONFIG_c(18342, None, None, None, None, None, None, None, True, None, None, 2013_PATRICK, 129106177), DRIVERCONFIG_c(18350, None, None, None, None, None, None, None, True, None, None, 2013_RAGAN, 129106177), DRIVERCONFIG_c(18316, None, None, None, None, None, None, None, True, None, None, 2013_SMITHREGAN, 129106177), DRIVERCONFIG_c(18311, None, None, None, None, None, None, None, True, None, None, 2013_STENHOUSE, 129106177), DRIVERCONFIG_c(18343, None, None, None, None, None, None, None, True, None, None, 2013_TRUEXMARTIN, 129106177)]","[DRIVERCONFIG_c(18323, None, None, None, None, None, None, None, True, None, None, 2013_BIFFLE, 129106177), DRIVERCONFIG_c(18314, None, None, None, None, None, None, None, True, None, None, 2013_BOWYER, 129106177), DRIVERCONFIG_c(18309, None, None, None, None, None, None, None, True, None, None, 2013_BUSCHKYLE, 129106177), DRIVERCONFIG_c(18328, None, None, None, None, None, None, None, True, None, None, 2013_GORDONJEFF, 129106177), DRIVERCONFIG_c(18347, None, None, None, None, None, None, None, True, None, None, 2013_HAMLIN, 129106177), DRIVERCONFIG_c(18340, None, None, None, None, None, None, None, True, None, None, 2013_HARVICK, 129106177), DRIVERCONFIG_c(18333, None, None, None, None, None, None, None, True, None, None, 2013_JOHNSON, 131727617), DRIVERCONFIG_c(18324, None, None, None, None, None, None, None, True, None, None, 2013_KENSETH, 131268865), DRIVERCONFIG_c(18337, None, None, None, None, None, None, None, True, None, None, 2013_STEWART, 131793153)]",None,False,"OverrideDiff_Easy_c(0.86, 0.89)","OverrideDiff_Norm_c(0.87, 0.915)","OverrideDiff_Hard_c(0.89, 0.96)","OverrideDiff_Champ_c(0.94, 1.0)"
RACEDATA_c,22129,,22129,0x600D,22129,"RACESERIES_c(18306, S_SERIES_SPRINT_CUP, 18307, IMGSPRINTCUP2013.ARC, [], [], 2013, False, None)","RACETYPE_c(1785, 1786, S_ETN_ELIMINATOR)","RACESTARTTYPE_c(1171, 1172)","RACEROUTETYPE_c(1175, 1176)","CUSTOMCAR_c(18303, 18304)",2,10,22130,"EVENT_c(1860, cr000, S_EVENT_BRISTOL_NIGHT, bristol, None)",S_ETN_ELIMINATOR,"GRIDORDER_c(1724, PREDEFINED, 30)",FULL,-1,"[DRIVERCONFIG_c(18320, None, None, None, None, None, None, None, True, None, None, 2013_AMBROSE, 129106177), DRIVERCONFIG_c(18345, None, None, None, None, None, None, None, True, None, None, 2013_BUSCHKURT, 131334401), DRIVERCONFIG_c(18325, None, None, None, None, None, None, None, True, None, None, 2013_KAHNE, 129106177), DRIVERCONFIG_c(18315, None, None, None, None, None, None, None, True, None, None, 2013_KESELOWSKI, 129106177), DRIVERCONFIG_c(18312, None, None, None, None, None, None, None, True, None, None, 2013_NEMECHEK, 129106177), DRIVERCONFIG_c(21847, None, None, None, None, None, None, None, True, None, None, 2013_PASTRANA, 129106177), DRIVERCONFIG_c(18342, None, None, None, None, None, None, None, True, None, None, 2013_PATRICK, 129106177), DRIVERCONFIG_c(18310, None, None, None, None, None, None, None, True, None, None, 2013_SPEED, 129106177), DRIVERCONFIG_c(18337, None, None, None, None, None, None, None, True, None, None, 2013_STEWART, 131793153)]",None,None,131860503,1,[],10.0,40.0,15.0,30.0,NORMAL,2,,False,False,"[DRIVERCONFIG_c(18308, None, None, None, None, None, None, None, True, None, None, 2013_ALMIROLA, 129106177), DRIVERCONFIG_c(18321, None, None, None, None, None, None, None, True, None, None, 2013_BLANEY, 129106177), DRIVERCONFIG_c(18314, None, None, None, None, None, None, None, True, None, None, 2013_BOWYER, 129106177), DRIVERCONFIG_c(18345, None, None, None, None, None, None, None, True, None, None, 2013_BUSCHKURT, 131334401), DRIVERCONFIG_c(18318, None, None, None, None, None, None, None, True, None, None, 2013_EDWARDS, 129106177), DRIVERCONFIG_c(18328, None, None, None, None, None, None, None, True, None, None, 2013_GORDONJEFF, 129106177), DRIVERCONFIG_c(18325, None, None, None, None, None, None, None, True, None, None, 2013_KAHNE, 129106177), DRIVERCONFIG_c(18315, None, None, None, None, None, None, None, True, None, None, 2013_KESELOWSKI, 129106177), DRIVERCONFIG_c(18350, None, None, None, None, None, None, None, True, None, None, 2013_RAGAN, 129106177)]","[DRIVERCONFIG_c(18339, None, None, None, None, None, None, None, True, None, None, 2013_BURTON, 129106177), DRIVERCONFIG_c(18309, None, None, None, None, None, None, None, True, None, None, 2013_BUSCHKYLE, 129106177), DRIVERCONFIG_c(18318, None, None, None, None, None, None, None, True, None, None, 2013_EDWARDS, 129106177), DRIVERCONFIG_c(18328, None, None, None, None, None, None, None, True, None, None, 2013_GORDONJEFF, 129106177), DRIVERCONFIG_c(18347, None, None, None, None, None, None, None, True, None, None, 2013_HAMLIN, 129106177), DRIVERCONFIG_c(18340, None, None, None, None, None, None, None, True, None, None, 2013_HARVICK, 129106177), DRIVERCONFIG_c(18333, None, None, None, None, None, None, None, True, None, None, 2013_JOHNSON, 131727617), DRIVERCONFIG_c(18324, None, None, None, None, None, None, None, True, None, None, 2013_KENSETH, 131268865), DRIVERCONFIG_c(18338, None, None, None, None, None, None, None, True, None, None, 2013_NEWMAN, 129106177)]",None,False,"OverrideDiff_Easy_c(0.81, 0.86)","OverrideDiff_Norm_c(0.85, 0.91)","OverrideDiff_Hard_c(0.89, 0.95)","OverrideDiff_Champ_c(0.94, 1.0)"
RACEDATA_c,22131,,22131,0x60B8,22131,"RACESERIES_c(18306, S_SERIES_SPRINT_CUP, 18307, IMGSPRINTCUP2013.ARC, [], [], 2013, False, None)","RACETYPE_c(1785, 1786, S_ETN_ELIMINATOR)","RACESTARTTYPE_c(1171, 1172)","RACEROUTETYPE_c(1175, 1176)","CUSTOMCAR_c(18303, 18304)",2,10,22132,"EVENT_c(2524, cr000, S_WORLD_KANSAS_CITY, Kansas, None)",S_ETN_ELIMINATOR,"GRIDORDER_c(1724, PREDEFINED, 30)",FULL,-1,"[DRIVERCONFIG_c(9641, None, None, None, None, None, None, None, True, None, None, 2012_KAHNE, 129106177), DRIVERCONFIG_c(18309, None, None, None, None, None, None, None, True, None, None, 2013_BUSCHKYLE, 129106177), DRIVERCONFIG_c(18318, None, None, None, None, None, None, None, True, None, None, 2013_EDWARDS, 129106177), DRIVERCONFIG_c(18324, None, None, None, None, None, None, None, True, None, None, 2013_KENSETH, 131268865), DRIVERCONFIG_c(18317, None, None, None, None, None, None, None, True, None, None, 2013_LABONTEBOBBY, 129106177), DRIVERCONFIG_c(18326, None, None, None, None, None, None, None, True, None, None, 2013_MARTIN, 129106177), DRIVERCONFIG_c(18322, None, None, None, None, None, None, None, True, None, None, 2013_MCMURRAY, 129106177), DRIVERCONFIG_c(18344, None, None, None, None, None, None, None, True, None, None, 2013_MONTOYA, 129106177), DRIVERCONFIG_c(18350, None, None, None, None, None, None, None, True, None, None, 2013_RAGAN, 129106177)]",None,None,131861010,1,[],10.0,40.0,15.0,30.0,NORMAL,2,,False,False,"[DRIVERCONFIG_c(18320, None, None, None, None, None, None, None, True, None, None, 2013_AMBROSE, 129106177), DRIVERCONFIG_c(18339, None, None, None, None, None, None, None, True, None, None, 2013_BURTON, 129106177), DRIVERCONFIG_c(18309, None, None, None, None, None, None, None, True, None, None, 2013_BUSCHKYLE, 129106177), DRIVERCONFIG_c(18349, None, None, None, None, None, None, None, True, None, None, 2013_EARNHARDT, 129106177), DRIVERCONFIG_c(18330, None, None, None, None, None, None, None, True, None, None, 2013_GILLILAND, 129106177), DRIVERCONFIG_c(18324, None, None, None, None, None, None, None, True, None, None, 2013_KENSETH, 131268865), DRIVERCONFIG_c(18326, None, None, None, None, None, None, None, True, None, None, 2013_MARTIN, 129106177), DRIVERCONFIG_c(18348, None, None, None, None, None, None, None, True, None, None, 2013_MEARS, 129106177), DRIVERCONFIG_c(18334, None, None, None, None, None, None, None, True, None, None, 2013_MENARD, 129106177)]","[DRIVERCONFIG_c(18339, None, None, None, None, None, None, None, True, None, None, 2013_BURTON, 129106177), DRIVERCONFIG_c(18309, None, None, None, None, None, None, None, True, None, None, 2013_BUSCHKYLE, 129106177), DRIVERCONFIG_c(18318, None, None, None, None, None, None, None, True, None, None, 2013_EDWARDS, 129106177), DRIVERCONFIG_c(18328, None, None, None, None, None, None, None, True, None, None, 2013_GORDONJEFF, 129106177), DRIVERCONFIG_c(18347, None, None, None, None, None, None, None, True, None, None, 2013_HAMLIN, 129106177), DRIVERCONFIG_c(18340, None, None, None, None, None, None, None, True, None, None, 2013_HARVICK, 129106177), DRIVERCONFIG_c(18333, None, None, None, None, None, None, None, True, None, None, 2013_JOHNSON, 131727617), DRIVERCONFIG_c(18324, None, None, None, None, None, None, None, True, None, None, 2013_KENSETH, 131268865), DRIVERCONFIG_c(18338, None, None, None, None, None, None, None, True, None, None, 2013_NEWMAN, 129106177)]",None,False,"OverrideDiff_Easy_c(0.82, 0.88)","OverrideDiff_Norm_c(0.86, 0.92)","OverrideDiff_Hard_c(0.9, 0.97)","OverrideDiff_Champ_c(0.925, 1.0)"
RACEDATA_c,22133,,22133,0x6163,22133,"RACESERIES_c(18306, S_SERIES_SPRINT_CUP, 18307, IMGSPRINTCUP2013.ARC, [], [], 2013, False, None)","RACETYPE_c(3606, 3607, S_IVT_GAUNTLET)","RACESTARTTYPE_c(1171, 1172)","RACEROUTETYPE_c(1175, 1176)","CUSTOMCAR_c(18303, 18304)",4,43,22134,"EVENT_c(1210, cr000, S_WORLD_POCONO, pocono, None)",S_IVT_GAUNTLET,"GRIDORDER_c(1717, QUALIFIED, 43)",COSMETIC,-1,[],None,None,131859736,1,[],10.0,40.0,15.0,30.0,NORMAL,2,,False,False,[],[],None,False,"OverrideDiff_Easy_c(0.0, 1.0)","OverrideDiff_Norm_c(0.0, 1.0)","OverrideDiff_Hard_c(0.0, 1.0)","OverrideDiff_Champ_c(0.0, 1.0)"
RACEDATA_c,22135,,22135,0x620E,22135,"RACESERIES_c(18306, S_SERIES_SPRINT_CUP, 18307, IMGSPRINTCUP2013.ARC, [], [], 2013, False, None)","RACETYPE_c(3606, 3607, S_IVT_GAUNTLET)","RACESTARTTYPE_c(1171, 1172)","RACEROUTETYPE_c(1175, 1176)","CUSTOMCAR_c(18303, 18304)",4,43,22136,"EVENT_c(5413, cr000, S_EVENT_DAYTONA_NIGHT, daytona, None)",S_IVT_GAUNTLET,"GRIDORDER_c(1717, QUALIFIED, 43)",COSMETIC,-1,[],None,None,131860228,1,[],10.0,40.0,15.0,30.0,NORMAL,2,,False,False,[],[],None,False,"OverrideDiff_Easy_c(0.0, 1.0)","OverrideDiff_Norm_c(0.0, 1.0)","OverrideDiff_Hard_c(0.0, 1.0)","OverrideDiff_Champ_c(0.0, 1.0)"
RACEDATA_c,22139,,22139,0x62B9,22139,"RACESERIES_c(18306, S_SERIES_SPRINT_CUP, 18307, IMGSPRINTCUP2013.ARC, [], [], 2013, False, None)","RACETYPE_c(3412, 3413, S_IVT_SOLO_THUNDER)","RACESTARTTYPE_c(1171, 1172)","RACEROUTETYPE_c(1175, 1176)","CUSTOMCAR_c(18303, 18304)",5,1,22140,"EVENT_c(1226, cr000, S_WORLD_CHICAGOLAND, chicagoland, None)",S_IVT_SOLO_THUNDER,"GRIDORDER_c(1717, QUALIFIED, 43)",COSMETIC,-1,[],None,None,131860749,1,[],10.0,40.0,15.0,30.0,NORMAL,2,,False,False,[],[],None,False,"OverrideDiff_Easy_c(0.0, 1.0)","OverrideDiff_Norm_c(0.0, 1.0)","OverrideDiff_Hard_c(0.0, 1.0)","OverrideDiff_Champ_c(0.0, 1.0)"
RACEDATA_c,22141,,22141,0x6364,22141,"RACESERIES_c(18306, S_SERIES_SPRINT_CUP, 18307, IMGSPRINTCUP2013.ARC, [], [], 2013, False, None)","RACETYPE_c(3412, 3413, S_IVT_SOLO_THUNDER)","RACESTARTTYPE_c(1171, 1172)","RACEROUTETYPE_c(1175, 1176)","CUSTOMCAR_c(18303, 18304)",5,1,22142,"EVENT_c(1659, cr000, S_EVENT_PHOENIX_DAY, phoenix, None)",S_IVT_SOLO_THUNDER,"GRIDORDER_c(1717, QUALIFIED, 43)",COSMETIC,-1,[],None,None,131861256,1,[],10.0,40.0,15.0,30.0,NORMAL,2,,False,False,[],[],None,False,"OverrideDiff_Easy_c(0.0, 1.0)","OverrideDiff_Norm_c(0.0, 1.0)","OverrideDiff_Hard_c(0.0, 1.0)","OverrideDiff_Champ_c(0.0, 1.0)"
RACEDATA_c,22143,,22143,0x640F,22143,"RACESERIES_c(18306, S_SERIES_SPRINT_CUP, 18307, IMGSPRINTCUP2013.ARC, [], [], 2013, False, None)","RACETYPE_c(1167, 1168, S_OPTION_TIMETRIAL)","RACESTARTTYPE_c(1171, 1172)","RACEROUTETYPE_c(1175, 1176)","CUSTOMCAR_c(18303, 18304)",2,1,22144,"EVENT_c(1251, cr000, S_WORLD_INDIANAPOLIS_SS, indianapolis, None)",,"GRIDORDER_c(1717, QUALIFIED, 43)",FULL,-1,[],None,None,131858689,1,[],15.0,40.0,15.0,30.0,NORMAL,2,,False,False,[],[],None,False,"OverrideDiff_Easy_c(0.0, 1.0)","OverrideDiff_Norm_c(0.0, 1.0)","OverrideDiff_Hard_c(0.0, 1.0)","OverrideDiff_Champ_c(0.0, 1.0)"
RACEDATA_c,22145,,22145,0x64BA,22145,"RACESERIES_c(18306, S_SERIES_SPRINT_CUP, 18307, IMGSPRINTCUP2013.ARC, [], [], 2013, False, None)","RACETYPE_c(3646, 3647, S_IVT_CHAMPIONSHIP_SHOWDOWN)","RACESTARTTYPE_c(1171, 1172)","RACEROUTETYPE_c(1175, 1176)","CUSTOMCAR_c(18303, 18304)",10,43,22146,"EVENT_c(1050, cr000, S_EVENT_AUTOCLUB, autoclub, None)",,"GRIDORDER_c(3657, SERIES_STANDINGS, 43)",FULL,-1,[],None,None,131072257,1,[],10.0,40.0,15.0,30.0,NORMAL,2,,False,False,[],[],None,False,"OverrideDiff_Easy_c(0.0, 1.0)","OverrideDiff_Norm_c(0.0, 1.0)","OverrideDiff_Hard_c(0.0, 1.0)","OverrideDiff_Champ_c(0.0, 1.0)"
RACEDATA_c,22147,,22147,0x6565,22147,"RACESERIES_c(18306, S_SERIES_SPRINT_CUP, 18307, IMGSPRINTCUP2013.ARC, [], [], 2013, False, None)","RACETYPE_c(3412, 3413, S_IVT_SOLO_THUNDER)","RACESTARTTYPE_c(1171, 1172)","RACEROUTETYPE_c(1175, 1176)","CUSTOMCAR_c(18303, 18304)",5,1,22148,"EVENT_c(5419, cr000, S_WORLD_KENTUCKY, Kentucky, None)",S_IVT_SOLO_THUNDER,"GRIDORDER_c(1717, QUALIFIED, 43)",COSMETIC,-1,[],None,None,131859996,1,[],10.0,40.0,15.0,30.0,NORMAL,2,,False,False,[],[],None,False,"OverrideDiff_Easy_c(0.0, 1.0)","OverrideDiff_Norm_c(0.0, 1.0)","OverrideDiff_Hard_c(0.0, 1.0)","OverrideDiff_Champ_c(0.0, 1.0)"
RACEDATA_c,22392,,22392,0x6610,22392,"RACESERIES_c(18306, S_SERIES_SPRINT_CUP, 18307, IMGSPRINTCUP2013.ARC, [], [], 2013, False, None)","RACETYPE_c(1165, 1166, S_MULTI_QUICKRACE_UC)","RACESTARTTYPE_c(1171, 1172)","RACEROUTETYPE_c(1175, 1176)","CUSTOMCAR_c(18303, 18304)",325,43,22393,"EVENT_c(5408, cr000, S_EVENT_ATLANTA_DAY, atlanta, None)",S_EVT_ADVOCARE_500,"GRIDORDER_c(1717, QUALIFIED, 43)",FULL,-1,[],NASCARTROPHY_c(15899),None,131926273,1,"[WEEKENDEVENT_c(8722, None, 1, 1, None, 27.0, 30.0, False), WEEKENDEVENT_c(8723, None, 2, 2, None, 29.0, 34.0, False), WEEKENDEVENT_c(8724, None, 3, -1, None, 25.0, 29.0, False), WEEKENDEVENT_c(8725, None, 5, -1, None, 31.0, 27.0, False), WEEKENDEVENT_c(18766, None, 4, -1, None, 0.0, 0.0, False)]",10.0,40.0,15.0,30.0,NORMAL,2,AtlantaInt,False,True,[],[],"WORLDSCRIPT_c(5406, 5407, S_WORLD_ATLANTA, 24.0, 1.54, None, S_WORLD_LOC_ATLANTA, None, None, False, 33, 54, 124000, 128452383, [], 29.877, None, S_HDRIVER_D_EARNHARDT, S_HDRIVER_D_EARNHARDT, S_HDRIVER_G_BODINE, S_HDRIVER_D_EARNHARDT, False, S_TB_ATLANTA, 9.0, 23.0, True, 33.075, 31.637, 30.199, 197.478, 163.633, 81, False, None, S_HDRIVER_R_PETTY, [], 30.921, 32.379, 33.587, 8.0, 26.0, 36.844, 35.934, 35.178, 33.625, 0.945, Atlanta)",False,"OverrideDiff_Easy_c(0.0, 1.0)","OverrideDiff_Norm_c(0.0, 1.0)","OverrideDiff_Hard_c(0.0, 1.0)","OverrideDiff_Champ_c(0.0, 1.0)"
RACEDATA_c,22394,,22394,0x66BB,22394,"RACESERIES_c(18306, S_SERIES_SPRINT_CUP, 18307, IMGSPRINTCUP2013.ARC, [], [], 2013, False, None)","RACETYPE_c(1165, 1166, S_MULTI_QUICKRACE_UC)","RACESTARTTYPE_c(1171, 1172)","RACEROUTETYPE_c(1175, 1176)","CUSTOMCAR_c(18303, 18304)",400,43,22395,"EVENT_c(1527, cr000, S_WORLD_CHARLOTTE, lowes, None)",S_EVT_COCA_COLA_600,"GRIDORDER_c(1717, QUALIFIED, 43)",FULL,-1,[],NASCARTROPHY_c(15886),None,131925274,1,"[WEEKENDEVENT_c(18846, None, 5, -1, None, 0.0, 0.0, False), WEEKENDEVENT_c(8484, None, 1, 1, None, 25.0, 30.0, False), WEEKENDEVENT_c(8485, None, 2, -1, None, 22.0, 28.0, False), WEEKENDEVENT_c(8486, None, 3, 2, None, 20.0, 24.0, False), WEEKENDEVENT_c(8487, None, 4, 3, None, 26.0, 31.0, False), WEEKENDEVENT_c(8488, None, 6, -1, None, 29.0, 22.0, False)]",10.0,40.0,15.0,30.0,NORMAL,2,LowesInt,False,True,[],[],"WORLDSCRIPT_c(1528, 1529, S_WORLD_CHARLOTTE, 24.0, 1.5, None, S_WORLD_LOC_CHARLOTTE, None, None, False, 6, 38, 134000, 128452115, [], 28.845, None, S_DRIVER_J_JOHNSON, S_TH_ALLISON_PETTY, S_DRIVER_G_BIFFLE, S_DRIVER_J_GORDON, False, S_TB_LOWES, 20.0, 25.0, True, 33.112, 31.672, 30.233, 193.708, 160.682, 70, False, None, S_HDRIVER_R_PETTY, [], 29.888, 30.943, 32.653, 19.0, 30.0, 34.476, 32.854, 31.653, 30.354, 0.98, Lowes)",False,"OverrideDiff_Easy_c(0.0, 1.0)","OverrideDiff_Norm_c(0.0, 1.0)","OverrideDiff_Hard_c(0.0, 1.0)","OverrideDiff_Champ_c(0.0, 1.0)"
RACEDATA_c,22396,,22396,0x6766,22396,"RACESERIES_c(18306, S_SERIES_SPRINT_CUP, 18307, IMGSPRINTCUP2013.ARC, [], [], 2013, False, None)","RACETYPE_c(1165, 1166, S_MULTI_QUICKRACE_UC)","RACESTARTTYPE_c(1171, 1172)","RACEROUTETYPE_c(1175, 1176)","CUSTOMCAR_c(18303, 18304)",367,43,22397,"EVENT_c(1633, cr000, S_WORLD_DARLINGTON, darlington, None)",S_EVT_BOJANGLES_SOUTHERN_500,"GRIDORDER_c(1717, QUALIFIED, 43)",FULL,-1,[],NASCARTROPHY_c(15884),None,131925259,1,"[WEEKENDEVENT_c(8480, None, 1, 1, None, 24.0, 30.0, False), WEEKENDEVENT_c(8481, None, 2, 2, None, 25.0, 31.0, False), WEEKENDEVENT_c(8482, None, 3, -1, None, 24.0, 30.0, False), WEEKENDEVENT_c(8483, None, 5, -1, None, 31.0, 24.0, True), WEEKENDEVENT_c(18282, None, 4, -1, None, 0.0, 0.0, True)]",10.0,40.0,15.0,30.0,NORMAL,2,DarlInt,False,True,[],[],"WORLDSCRIPT_c(1631, 1632, S_WORLD_DARLINGTON, 25.0, 1.366, None, S_WORLD_LOC_DARLINGTON, None, None, False, 9, 30, 68000, 127796243, [], 27.831, None, S_HDRIVER_D_PEARSON, S_HDRIVER_R_PETTY, S_DRIVER_K_BUSCH_01, S_DRIVER_M_KENSETH, False, S_TB_DARLINGTON, 20.0, 23.0, False, 31.354, 29.99, 28.627, 181.918, 141.383, 62, False, None, S_DRIVER_B_ELLIOT, [], 29.285, 30.821, 32.224, 19.0, 28.0, 34.178, 32.984, 31.875, 30.175, 0.99, Darlington)",False,"OverrideDiff_Easy_c(0.0, 1.0)","OverrideDiff_Norm_c(0.0, 1.0)","OverrideDiff_Hard_c(0.0, 1.0)","OverrideDiff_Champ_c(0.0, 1.0)"
RACEDATA_c,22398,,22398,0x6811,22398,"RACESERIES_c(18306, S_SERIES_SPRINT_CUP, 18307, IMGSPRINTCUP2013.ARC, [], [], 2013, False, None)","RACETYPE_c(1165, 1166, S_MULTI_QUICKRACE_UC)","RACESTARTTYPE_c(1171, 1172)","RACEROUTETYPE_c(1175, 1176)","CUSTOMCAR_c(18303, 18304)",267,43,22399,"EVENT_c(5419, cr000, S_WORLD_KENTUCKY, Kentucky, None)",S_EVT_QUAKER_STATE_400,"GRIDORDER_c(1717, QUALIFIED, 43)",FULL,-1,[],NASCARTROPHY_c(15891),None,131925533,1,"[WEEKENDEVENT_c(8506, None, 1, 1, None, 28.0, 33.0, False), WEEKENDEVENT_c(8507, None, 2, 2, None, 26.0, 31.0, False), WEEKENDEVENT_c(8508, None, 3, -1, None, 29.0, 35.0, False), WEEKENDEVENT_c(8509, None, 5, -1, None, 32.0, 27.0, True), WEEKENDEVENT_c(18305, None, 4, -1, None, 0.0, 0.0, True)]",10.0,40.0,15.0,30.0,NORMAL,2,KentInt,False,True,[],[],"WORLDSCRIPT_c(5417, 5418, S_WORLD_KENTUCKY, 14.0, 1.5, None, S_WORLD_LOC_KENTUCKY, None, None, False, 17, 49, 107000, 131794697, [], 30.254, None, S_DRIVER_B_KESELOWSKI, S_DRIVER_K_BUSCH_02, S_DRIVER_D_EARNHARDT_JR, S_DRIVER_B_KESELOWSKI, False, S_TB_KENTUCKY, 26.0, 26.0, True, 33.0, 32.0, 30.8, 183.636, 145.607, 80, False, None, -, [], 31.221, 32.91, 33.989, 19.0, 29.0, 36.143, 34.875, 33.256, 31.899, 0.98, Kentucky)",False,"OverrideDiff_Easy_c(0.0, 1.0)","OverrideDiff_Norm_c(0.0, 1.0)","OverrideDiff_Hard_c(0.0, 1.0)","OverrideDiff_Champ_c(0.0, 1.0)"
RACEDATA_c,22400,,22400,0x68BC,22400,"RACESERIES_c(18306, S_SERIES_SPRINT_CUP, 18307, IMGSPRINTCUP2013.ARC, [], [], 2013, False, None)","RACETYPE_c(1165, 1166, S_MULTI_QUICKRACE_UC)","RACESTARTTYPE_c(1171, 1172)","RACEROUTETYPE_c(1175, 1176)","CUSTOMCAR_c(18303, 18304)",400,43,22401,"EVENT_c(12292, cr000, S_EVENT_RICHMOND_NIGHT, richmond, None)",S_EVT_TOYOTA_OWNERS_400,"GRIDORDER_c(1717, QUALIFIED, 43)",FULL,-1,[],NASCARTROPHY_c(15882),None,131925019,1,"[WEEKENDEVENT_c(18281, None, 4, -1, None, 0.0, 0.0, False), WEEKENDEVENT_c(8468, None, 1, 1, None, 24.0, 29.0, False), WEEKENDEVENT_c(8469, None, 2, 2, None, 26.0, 31.0, False), WEEKENDEVENT_c(8470, None, 3, -1, None, 22.0, 29.0, False), WEEKENDEVENT_c(8471, None, 5, -1, None, 28.0, 23.0, False)]",10.0,40.0,15.0,30.0,NORMAL,2,Richmondint,False,False,[],[],"WORLDSCRIPT_c(1635, 1636, S_WORLD_RICHMOND, 14.0, 0.75, None, S_WORLD_LOC_RICHMOND, None, None, False, 25, 44, 97912, 127992851, [], 21.556, None, S_HDRIVER_R_PETTY, S_HDRIVER_R_PETTY, S_DRIVER_M_KENSETH, S_HDRIVER_D_JARRET, False, S_TB_RICHMOND, 18.0, 23.0, False, 24.434, 23.372, 22.309, 130.334, 109.047, 76, False, None, S_HDRIVER_R_PETTY, [], 22.645, 23.232, 24.487, 16.0, 30.0, 25.984, 24.889, 23.976, 22.952, 0.98, Richmond)",False,"OverrideDiff_Easy_c(0.0, 1.0)","OverrideDiff_Norm_c(0.0, 1.0)","OverrideDiff_Hard_c(0.0, 1.0)","OverrideDiff_Champ_c(0.0, 1.0)"
